48.6080;0.6711;-0.4220;103.6957;103.6537 
48.6950;0.6711;2.4574;103.6954;103.6537 
48.7840;0.8948;0.2860;103.6957;103.6537 
48.8720;0.8948;1.5929;103.6957;103.6537 
48.9610;0.4474;-0.2444;103.6957;103.6537 
49.0500;0.6711;0.1315;103.6957;103.6537 
49.1380;0.6711;0.2422;103.6957;103.6537 
49.2260;0.6711;1.6597;103.6957;103.6537 
49.3150;1.1185;0.4405;103.6957;103.6537 
49.4040;0.6711;0.1315;103.6957;103.6537 
49.4920;0.8948;0.0646;103.6957;103.6537 
49.5810;0.4474;-0.1337;103.6957;103.6537 
49.6690;0.8948;-1.0208;103.6957;103.6537 
49.7580;0.6711;1.5490;103.6957;103.6537 
49.8460;0.4474;1.3945;103.6957;103.6537 
49.9350;1.1185;0.2192;103.6957;103.6537 
50.0220;0.6711;1.6597;103.6957;103.6537 
50.1110;0.8948;0.0646;103.6957;103.6537 
50.2000;0.8948;1.4822;103.6957;103.6537 
50.2880;0.6711;1.5490;103.6957;103.6537 
50.3760;0.6711;-1.3967;103.6957;103.6537 
50.4650;1.1185;0.4405;103.6957;103.6537 
50.5530;0.6711;0.1315;103.6957;103.6537 
50.6420;0.8948;0.2860;103.6957;103.6537 
50.7290;0.8948;0.2860;103.6957;103.6537 
50.8170;0.4474;1.2838;103.6957;103.6537 
50.9060;0.6711;0.0208;103.6957;103.6537 
50.9950;0.8948;-1.2422;103.6957;103.6537 
51.0840;0.4474;-1.4406;103.6957;103.6537 
51.1720;1.1185;0.4405;103.6957;103.6537 
51.2600;0.4474;1.2838;103.6957;103.6537 
51.3490;1.1185;-1.0877;103.6957;103.6537 
51.4380;0.8948;-1.1315;103.6957;103.6537 
51.5270;1.1185;0.4405;103.6957;103.6537 
51.6140;0.2237;-0.2882;103.6957;103.6537 
51.7040;0.8948;0.2860;103.6957;103.6537 
51.7920;0.4474;-1.7727;103.6957;103.6537 
51.8810;1.1185;1.8581;103.6957;103.6537 
51.9680;0.8948;1.5929;103.6957;103.6537 
52.0570;0.4474;-1.6620;103.6957;103.6537 
52.1460;0.6711;-0.0899;103.6957;103.6537 
52.2350;1.1185;0.4405;103.6957;103.6537 
52.3240;0.4474;-0.0230;103.6957;103.6537 
52.4120;0.8948;1.7036;103.6957;103.6537 
52.5010;0.8948;1.7036;103.6957;103.6537 
52.5900;1.1185;0.4405;103.6957;103.6537 
52.6780;0.6711;1.3276;103.6957;103.6537 
52.7660;0.8948;1.7036;103.6957;103.6537 
52.8550;0.6711;0.1315;103.6957;103.6537 
52.9430;0.2237;-0.2882;103.6957;103.6537 
53.0320;0.6711;1.5490;103.6957;103.6537 
53.1210;1.1185;0.3299;103.6957;103.6537 
53.2080;0.6711;-0.2006;103.6957;103.6537 
53.2970;1.3422;0.4844;103.6957;103.6537 
53.3860;0.8948;0.1753;103.6957;103.6537 
53.4740;0.6711;0.0208;103.6957;103.6537 
53.5610;1.1185;0.4405;103.6957;103.6537 
53.6500;0.6711;-1.2861;103.6957;103.6537 
53.7390;1.1185;0.3299;103.6957;103.6537 
53.8270;0.4474;-1.6620;103.6957;103.6537 
53.9160;1.1185;0.4405;103.6957;103.6537 
54.0030;0.6711;1.4383;103.6957;103.6537 
54.0920;1.1185;1.6367;103.6957;103.6537 
54.1810;0.8948;0.2860;103.6957;103.6537 
54.2700;0.6711;0.1315;103.6957;103.6537 
54.3580;0.8948;0.2860;103.6957;103.6537 
54.4460;0.4474;1.0624;103.6957;103.6537 
54.5350;0.2237;-1.5951;103.6957;103.6537 
54.6240;1.1185;0.4405;103.6957;103.6537 
54.7120;1.1185;1.5260;103.6957;103.6537 
54.8000;0.6711;0.1315;103.6957;103.6537 
54.8890;1.1185;-0.6450;103.6957;103.6537 
54.9780;0.8948;0.2860;103.6957;103.6537 
55.0660;0.8948;1.8142;103.6957;103.6537 
55.1540;-5.3763;-2.6281;103.6957;103.6537 
55.2450;0.6711;-1.8396;103.6957;103.6537 
55.3340;1.5660;-7.5340;103.6537;103.6957 
55.4240;-1.5660;-12.5325;103.6537;103.6957 
55.5170;-3.3572;11.1027;103.6537;103.6957 
55.6080;-4.7026;4.1937;103.6537;103.6957 
55.6980;-5.3763;-3.0263;103.6537;103.6957 
55.7890;-6.2757;-0.1460;103.6537;103.6957 
55.8800;-7.8535;0.8497;103.6537;103.6957 
55.9710;-8.3053;2.9611;103.6537;103.6957 
56.0620;-10.3455;-1.1712;103.6537;103.6957 
56.1550;-10.1182;-0.6775;103.6957;103.6537 
56.2480;-10.3455;-0.6096;103.6957;103.6537 
56.3420;-11.2564;2.0469;103.6957;103.6537 
56.4350;-11.9414;-4.0963;103.6957;103.6537 
56.5290;-12.6282;-1.3967;103.6957;103.6537 
56.6220;-12.1702;-2.0445;103.6957;103.6537 
56.7160;-12.6282;-2.3609;103.6957;103.6537 
56.8100;-12.3991;-2.3161;103.6957;103.6537 
56.9040;-13.0871;-2.6779;103.6957;103.6537 
56.9980;-12.1702;-2.1580;103.6957;103.6537 
57.0920;-13.3169;-3.7992;103.6957;103.6537 
57.1860;-12.6282;-2.4744;103.6957;103.6537 
57.2800;-12.8576;-1.2153;103.6957;103.6537 
57.3740;-13.0871;-2.9047;103.6957;103.6537 
57.4680;-13.5468;-5.8305;103.6957;103.6537 
57.5620;-12.3991;-2.0891;103.6957;103.6537 
57.6550;-13.5468;-1.6914;103.6957;103.6537 
57.7490;-12.8576;-4.1637;103.6957;103.6537 
57.8430;-12.8576;-5.3544;103.6957;103.6537 
57.9370;-12.6282;-2.3609;103.6957;103.6537 
58.0310;-12.8576;-1.1018;103.6957;103.6537 
58.1250;-12.8576;-2.8595;103.6957;103.6537 
58.2190;-12.8576;0.2022;103.6957;103.6537 
58.3120;-12.3991;-1.0120;103.6957;103.6537 
58.4060;-12.1702;-2.3847;103.6957;103.6537 
58.5000;-12.8576;-2.4058;103.6957;103.6537 
58.5940;-13.0871;-1.2604;103.6957;103.6537 
58.6880;-11.9414;0.7216;103.6957;103.6537 
58.7800;-10.5730;9.8324;103.6957;103.6537 
58.8720;-7.4021;11.7968;103.6957;103.6537 
58.9650;-5.6010;-14.4929;103.6957;103.6537 
59.0580;-4.2539;-12.9246;103.6957;103.6537 
59.1510;-3.8054;0.5609;103.6957;103.6537 
59.2410;-0.4474;1.2413;103.6957;103.6537 
59.3320;-2.0136;13.6698;103.6957;103.6537 
59.4240;-0.8948;-2.5675;103.6957;103.6537 
59.5160;1.1185;3.7183;103.6957;103.6537 
61.5110;2.0136;-5.5219;103.6537;103.6957 
61.6010;4.4782;8.3206;103.6537;103.6957 
61.6910;-2.2374;27.5796;103.6537;103.6957 
61.7840;-0.4474;6.9999;103.6957;103.6537 
61.8740;0.4474;7.2859;103.6957;103.6537 
61.9620;0.0000;7.3312;103.6957;103.6537 
62.0500;-0.4474;-18.8694;103.6957;103.6537 
62.1410;1.1185;1.5260;103.6957;103.6537 
62.2290;2.2374;0.8813;103.6957;103.6537 
62.3170;0.6711;-0.4220;103.6957;103.6537 
62.4060;0.6711;0.0208;103.6957;103.6537 
62.4940;0.6711;0.0208;103.6957;103.6537 
62.5820;0.6711;-0.0899;103.6957;103.6537 
62.6710;1.1185;-0.9770;103.6957;103.6537 
62.7600;1.5660;-0.7786;103.6957;103.6537 
62.8480;1.1185;1.7474;103.6957;103.6537 
62.9370;0.8948;0.1753;103.6957;103.6537 
63.0250;0.6711;0.2422;103.6957;103.6537 
63.1140;1.1185;1.6367;103.6957;103.6537 
63.2030;0.2237;-1.3737;103.6957;103.6537 
63.2920;1.3422;0.4844;103.6957;103.6537 
63.3800;0.8948;0.0646;103.6957;103.6537 
63.4680;0.2237;-0.2882;103.6957;103.6537 
63.5580;0.8948;0.3967;103.6957;103.6537 
63.6450;1.3422;1.6805;103.6957;103.6537 
63.7340;0.2237;-0.2882;103.6957;103.6537 
63.8240;0.8948;0.2860;103.6957;103.6537 
63.9120;1.1185;0.2192;103.6957;103.6537 
64.0010;0.2237;-0.1775;103.6957;103.6537 
64.0900;1.1185;1.9688;103.6957;103.6537 
64.1780;1.3422;0.1523;103.6957;103.6537 
64.2670;0.6711;0.0208;103.6957;103.6537 
64.3560;1.5660;-0.3359;103.6957;103.6537 
64.4450;1.1185;2.1012;103.6957;103.6537 
64.5340;0.4474;-0.9978;103.6957;103.6537 
64.6240;3.3572;2.2083;103.6957;103.6537 
64.7120;1.3422;-1.2653;103.6957;103.6537 
64.8020;0.6711;-1.0867;103.6957;103.6537 
64.8910;0.8948;1.7036;103.6957;103.6537 
64.9780;0.4474;-1.9941;103.6957;103.6537 
65.0670;0.8948;1.9249;103.6957;103.6537 
65.1560;1.1185;0.3299;103.6957;103.6537 
65.2440;1.3422;0.5951;103.6957;103.6537 
65.3320;0.6711;-1.0647;103.6957;103.6537 
65.4210;0.8948;-0.9322;103.6957;103.6537 
65.5100;0.6711;-19.7136;103.6537;103.6957 
65.6020;-2.4613;-7.5698;103.6537;103.6957 
65.6950;-6.2757;-4.4677;103.6537;103.6957 
65.7860;-13.3169;14.2356;103.6537;103.6957 
65.8810;-18.1991;-1.5567;103.6537;103.6957 
65.9740;-21.2890;-0.1150;103.6537;103.6957 
66.0690;-22.4943;-7.8390;103.6537;103.6957 
66.1620;-25.6800;2.2518;103.6537;103.6957 
66.2550;-26.4269;3.0803;103.6957;103.6537 
66.3470;-26.1774;-0.8767;103.6957;103.6537 
66.4410;-26.1774;-6.6700;103.6957;103.6537 
66.5350;-25.9284;-3.6630;103.6957;103.6537 
66.6290;-26.1774;-2.4174;103.6957;103.6537 
66.7230;-25.6800;-4.9089;103.6957;103.6537 
66.8170;-25.6800;-3.6143;103.6957;103.6537 
66.9110;-25.6800;-3.6143;103.6957;103.6537 
67.0050;-25.9284;-5.3261;103.6957;103.6537 
67.0990;-25.4320;-5.1056;103.6957;103.6537 
67.1930;-24.9377;-5.9366;103.6957;103.6537 
67.2870;-25.1846;-0.3142;103.6957;103.6537 
67.3810;-24.9377;-4.5191;103.6957;103.6537 
67.4750;-25.1846;-7.7698;103.6957;103.6537 
67.5690;-24.9377;-3.2242;103.6957;103.6537 
67.6630;-24.6912;-5.8890;103.6957;103.6537 
67.7570;-24.9377;-4.7642;103.6957;103.6537 
67.8510;-25.1846;-5.1789;103.6957;103.6537 
67.9450;-24.9377;-6.4258;103.6957;103.6537 
68.0390;-25.1846;-3.5172;103.6957;103.6537 
68.1330;-24.9377;-4.8864;103.6957;103.6537 
68.2270;-24.6912;-4.8381;103.6957;103.6537 
68.3210;-24.9377;-3.3467;103.6957;103.6537 
68.4150;-24.6912;-4.8381;103.6957;103.6537 
68.5090;-25.1846;-5.0569;103.6957;103.6537 
68.6030;-25.1846;-3.3948;103.6957;103.6537 
68.6970;-24.9377;-5.0083;103.6957;103.6537 
68.7910;-24.6912;-6.2556;103.6957;103.6537 
68.8850;-24.4453;-3.3724;103.6957;103.6537 
68.9790;-24.6912;-4.7161;103.6957;103.6537 
69.0730;-24.4453;-4.6682;103.6957;103.6537 
69.1670;-25.1846;-3.7613;103.6957;103.6537 
69.2610;-24.6912;-4.7161;103.6957;103.6537 
69.3550;-24.4453;-4.5462;103.6957;103.6537 
69.4490;-24.4453;-3.2507;103.6957;103.6537 
69.5430;-24.1998;-3.0811;103.6957;103.6537 
69.6370;-24.4453;-3.3724;103.6957;103.6537 
69.7310;-24.1998;-7.5768;103.6957;103.6537 
69.8250;-23.9548;-4.5725;103.6957;103.6537 
69.9190;-23.9548;-6.8339;103.6957;103.6537 
70.0130;-24.1998;-4.9840;103.6957;103.6537 
70.1070;-23.9548;-4.8148;103.6957;103.6537 
70.2010;-23.7103;-4.5249;103.6957;103.6537 
70.2950;-24.4453;-3.7360;103.6957;103.6537 
70.3890;-23.4662;-4.5980;103.6957;103.6537 
70.4830;-23.4662;-4.4773;103.6957;103.6537 
70.5770;-24.6912;-8.2792;103.6957;103.6537 
70.6710;-23.9548;-8.7036;103.6957;103.6537 
70.7650;-24.9377;-4.4378;103.6957;103.6537 
70.8590;-23.7103;-4.0692;103.6957;103.6537 
70.9530;-24.1998;-7.9398;103.6957;103.6537 
71.0470;-23.2226;-7.7456;103.6957;103.6537 
71.1410;-23.2226;-8.8028;103.6957;103.6537 
71.2340;-21.0491;-4.5868;103.6957;103.6537 
71.4210;-22.2524;-3.5179;103.6957;103.6537 
71.5610;-22.2524;-11.5672;103.6537;103.6957 
71.6570;-22.4943;-1.3326;103.6537;103.6957 
71.7510;-22.9794;-1.5473;103.6537;103.6957 
71.8450;-22.7366;-4.3350;103.6537;103.6957 
71.9390;-22.7366;-4.2146;103.6537;103.6957 
72.0330;-22.0110;-5.6145;103.6537;103.6957 
72.1270;-22.0110;-6.9087;103.6537;103.6957 
72.2210;-22.2524;-7.3147;103.6537;103.6957 
72.3150;-21.5292;0.1531;103.6537;103.6957 
72.4080;-22.0110;0.1788;103.6537;103.6957 
72.5010;-22.2524;-7.1952;103.6537;103.6957 
72.5960;-22.7366;-3.2772;103.6537;103.6957 
72.7370;-22.9794;-4.7427;103.6957;103.6537 
72.8310;-23.2226;-4.7907;103.6957;103.6537 
72.9250;-22.9794;-4.7427;103.6957;103.6537 
73.0190;-23.2226;-5.0303;103.6957;103.6537 
10.6350;1.7898;-1.0668;103.6957;103.6537 
10.7220;0.6711;1.5490;103.6537;103.6957 
10.8110;0.6711;0.1315;103.6537;103.6729 
10.9000;0.8948;0.2860;103.6957;103.6537 
10.9880;0.4474;-1.3299;103.6957;103.6537 
11.0780;0.8948;0.3967;103.6957;103.6537 
11.1650;1.1185;0.2192;103.6957;103.6537 
11.2530;0.6711;-1.2860;103.6957;103.6537 
11.3430;0.6711;0.0208;103.6957;103.6537 
11.4310;0.4474;-0.1337;103.6537;103.6957 
11.5210;0.6711;-1.2860;103.6919;103.6537 
11.6090;1.1185;-1.0877;103.6537;103.6957 
11.6980;0.2237;-0.2882;103.6537;103.6957 
11.7870;0.6711;-1.5074;103.6537;103.6957 
11.8760;2.6852;2.8296;103.6537;103.6957 
11.9630;0.8948;0.2860;103.6537;103.6957 
12.0520;0.6711;0.2422;103.6537;103.6957 
12.1410;0.8948;1.7035;103.6537;103.6957 
12.2290;0.6711;1.4383;103.6537;103.6957 
12.3180;0.4474;-0.0230;103.6537;103.6957 
12.4070;0.8948;0.2860;103.6537;103.6957 
12.4950;0.8948;-1.1315;103.6954;103.6537 
12.5840;0.8948;1.3714;103.6537;103.6957 
12.6720;0.8948;0.2860;103.6762;103.6537 
12.7590;0.6711;1.3276;103.6537;103.6957 
12.8480;0.6711;-1.3967;103.6957;103.6537 
12.9370;0.6711;1.5490;103.6537;103.6957 
13.0250;0.8948;-1.0208;103.6957;103.6537 
13.1150;0.8948;1.4821;103.6537;103.6957 
13.2020;0.8948;0.0646;103.6957;103.6537 
13.2900;1.1185;0.3299;103.6537;103.6957 
13.3790;0.6711;1.3276;103.6537;103.6957 
13.4670;0.6711;0.2422;103.6957;103.6537 
13.5550;0.6711;0.0208;103.6575;103.6661 
13.6440;0.8948;0.2860;103.6708;103.6537 
13.7320;1.3422;0.3737;103.6779;103.6537 
13.8200;-0.2237;-27.1979;103.6537;103.6957 
13.9130;-1.7898;8.4866;103.6537;103.6957 
14.0030;-6.2757;1.1603;103.6537;103.6957 
14.0940;-9.6641;-4.4304;103.6537;103.6957 
14.1850;-9.4373;2.8527;103.6537;103.6957 
14.2770;-11.4846;-8.3175;103.6537;103.6957 
14.3700;-11.7129;-0.7645;103.6537;103.6957 
14.4630;-13.0871;-0.0697;103.6537;103.6957 
14.5570;-14.0074;2.6975;103.6537;103.6957 
14.6500;-14.0074;1.8506;103.6537;103.6957 
14.7430;-14.2381;-2.6756;103.6537;103.6957 
14.8370;-14.9315;-2.9257;103.6537;103.6957 
14.9310;-15.1631;-3.0857;103.6537;103.6957 
15.0250;-14.9315;-3.1546;103.6537;103.6957 
15.1190;-14.7001;-1.4629;103.6537;103.6957 
15.2130;-15.1631;-3.0857;103.6537;103.6957 
15.3070;-15.1631;-4.3886;103.6537;103.6957 
15.4010;-14.7001;-2.5366;103.6537;103.6957 
15.4950;-15.8595;-10.7688;103.6537;103.6957 
15.5900;-15.1631;-2.6265;103.6537;103.6957 
15.6830;-15.1631;-1.5536;103.6537;103.6957 
15.7770;-15.6271;-1.9887;103.6537;103.6957 
15.8710;-15.1631;1.1668;103.6537;103.6957 
15.9640;-14.7001;17.6536;103.6957;103.6537 
16.0570;-11.9414;3.1042;103.6957;103.6537 
8.5850;2.4613;-0.4819;103.6957;103.6537 
8.6710;0.8948;-1.7368;103.6957;103.6537 
8.7570;0.4474;1.2219;103.6537;103.6957 
8.8430;1.1185;0.6039;103.6537;103.6957 
8.9300;0.4474;1.4800;103.6537;103.6887 
9.0160;0.0000;-0.1069;103.6957;103.6537 
9.1040;1.1185;1.8259;103.6957;103.6537 
9.1910;0.4474;3.1075;103.6537;103.6957 
9.2790;0.6711;0.1953;103.6957;103.6537 
9.3650;0.4474;-3.5793;103.6537;103.6957 
9.4530;0.0000;-5.2256;103.6537;103.6957 
9.5410;-1.1185;27.9740;103.6537;103.6957 
9.6320;-2.9091;1.9319;103.6537;103.6957 
9.7220;-6.0507;-8.4754;103.6537;103.6957 
9.8110;-8.7577;-13.4613;103.6537;103.6957 
9.9010;-9.2106;2.1256;103.6537;103.6957 
9.9890;-12.1702;7.4641;103.6537;103.6957 
10.0790;-12.1702;-0.3926;103.6537;103.6957 
10.1730;-13.3169;-0.1446;103.6640;103.6595 
10.2660;-14.4690;0.7122;103.6957;103.6537 
10.3590;-14.4690;-3.9097;103.6957;103.6537 
10.4530;-14.9315;-1.6726;103.6957;103.6537 
10.5470;-15.3950;-2.9394;103.6957;103.6537 
10.6410;-14.7001;-2.2132;103.6957;103.6537 
10.7350;-14.9315;-2.7995;103.6957;103.6537 
10.8290;-14.9315;-2.3415;103.6957;103.6537 
10.9230;-15.1631;-0.3849;103.6957;103.6537 
11.0170;-15.3950;-2.5773;103.6957;103.6537 
11.1110;-15.1631;-4.3542;103.6957;103.6537 
11.2050;-14.4690;-0.7358;103.6957;103.6537 
11.2990;-14.4690;4.6738;103.6957;103.6537 
11.3920;-13.5468;17.8086;103.6957;103.6537 
11.4850;-8.7577;2.3477;103.6957;103.6537 
11.5760;-5.6010;-0.6238;103.6957;103.6537 
11.6690;-1.7898;5.1170;103.6957;103.6537 
11.7600;-6.2757;43.7175;103.6957;103.6537 
11.8510;0.2237;-18.6876;103.6957;103.6537 
11.9430;0.6711;-0.9813;103.6957;103.6537 
12.0320;1.1185;-0.1694;103.6957;103.6537 
12.1210;1.1185;-0.9654;103.6957;103.6537 
12.2110;0.8948;2.9543;103.6957;103.6537 
12.3000;0.6711;0.2491;103.6957;103.6537 
12.3890;0.6711;-1.3029;103.6957;103.6537 
12.4780;0.8948;-0.1592;103.6957;103.6537 
12.5670;0.8948;0.1059;103.6957;103.6537 
12.6550;0.6711;-1.1239;103.6957;103.6537 
12.7440;1.1185;-0.3044;103.6957;103.6537 
12.8330;0.8948;0.1262;103.6957;103.6537 
12.9210;0.6711;0.2956;103.6957;103.6537 
13.0100;0.8948;-0.0433;103.6957;103.6537 
13.0990;1.1185;-1.3045;103.6957;103.6537 
13.1870;0.6711;1.1351;103.6957;103.6537 
13.2750;0.6711;2.0553;103.6957;103.6537 
13.3640;0.8948;-1.1341;103.6957;103.6537 
13.4540;0.6711;1.1171;103.6957;103.6537 
13.5410;0.6711;-0.2778;103.6957;103.6537 
13.6300;0.8948;-1.5157;103.6957;103.6537 
13.7190;0.8948;-2.0382;103.6957;103.6537 
13.8080;0.8948;1.6606;103.6957;103.6537 
13.8960;0.6711;0.5638;103.6957;103.6537 
13.9840;0.8948;-1.8736;103.6957;103.6537 
14.0730;1.1185;1.6724;103.6957;103.6537 
14.1610;1.1185;-0.0057;103.6957;103.6537 
14.2500;1.1185;0.3093;103.6957;103.6537 
14.3370;0.8948;-1.3911;103.6957;103.6537 
14.4260;0.8948;-0.4503;103.6957;103.6537 
14.5150;0.6711;3.7377;103.6957;103.6537 
14.6030;1.5660;2.5864;103.6957;103.6537 
14.6900;2.9091;2.6461;103.6957;103.6537 
14.7790;3.1331;5.3900;103.6957;103.6537 
14.8680;4.0296;-15.3301;103.6957;103.6537 
14.9580;5.1516;-2.0966;103.6957;103.6537 
15.0480;5.3763;5.4172;103.6957;103.6537 
15.1360;5.6010;2.4368;103.6957;103.6537 
15.2250;5.6010;0.5528;103.6957;103.6537 
15.3130;5.3763;1.2139;103.6957;103.6537 
15.4020;5.3763;2.2613;103.6957;103.6537 
15.4900;5.8258;0.7767;103.6957;103.6537 
15.5770;5.1516;-0.8611;103.6957;103.6537 
15.6660;5.3763;0.2925;103.6957;103.6537 
15.7540;5.1516;-0.9762;103.6957;103.6537 
15.8430;5.3763;2.0174;103.6957;103.6537 
15.9300;5.1516;-1.9104;103.6957;103.6537 
16.0190;4.4782;-1.1683;103.6957;103.6537 
16.1090;3.5813;-1.4480;103.6957;103.6537 
16.1990;2.4613;-14.9385;103.6957;103.6537 
16.2890;1.1185;2.1265;103.6957;103.6537 
16.3780;0.6711;20.1244;103.6957;103.6537 
16.4680;0.2237;1.2310;103.6957;103.6537 
16.5570;0.8948;-3.1467;103.6957;103.6537 
16.6460;1.1185;2.0261;103.6957;103.6537 
16.7340;0.6711;-1.0645;103.6957;103.6537 
16.8240;0.6711;-0.6078;103.6957;103.6537 
16.9120;0.6711;-0.1258;103.6957;103.6537 
17.0010;0.8948;-0.0836;103.6957;103.6537 
17.0900;1.1185;0.2676;103.6957;103.6537 
17.1780;0.8948;2.1953;103.6957;103.6537 
17.2660;2.2374;-0.1590;103.6957;103.6537 
17.3560;0.6711;-0.3187;103.6957;103.6537 
17.4450;0.6711;-0.6950;103.6957;103.6537 
17.5340;0.4474;-11.7872;103.6957;103.6537 
17.6240;-5.6010;-7.6876;103.6957;103.6537 
17.7150;-0.6711;11.3547;103.6957;103.6537 
17.8060;-3.5813;3.6477;103.6957;103.6537 
17.8970;-4.7026;-0.9104;103.6957;103.6537 
17.9890;-5.6010;-1.4252;103.6957;103.6537 
18.0800;-7.8535;-2.2910;103.6957;103.6537 
18.1720;-9.4373;-4.8302;103.6957;103.6537 
18.2630;-9.6641;4.3480;103.6957;103.6537 
18.3540;-9.8911;0.1945;103.6957;103.6537 
18.4460;-10.3455;-4.5855;103.6957;103.6537 
18.5400;-12.6282;-0.2550;103.6957;103.6537 
18.6340;-14.2381;-0.7137;103.6957;103.6537 
18.7280;-14.4690;-2.1548;103.6957;103.6537 
18.8220;-16.7919;1.0777;103.6957;103.6537 
18.9140;-16.0922;2.4007;103.6957;103.6537 
19.0070;-18.1991;2.6130;103.6957;103.6537 
19.0990;-18.1991;-7.5257;103.6957;103.6537 
19.1920;-17.2597;-3.9102;103.6957;103.6537 
19.2850;-16.7919;-2.2208;103.6957;103.6537 
19.3790;-18.1991;-2.6873;103.6957;103.6537 
19.4730;-18.6707;-6.3193;103.6957;103.6537 
19.5670;-18.1991;-2.2649;103.6957;103.6537 
19.6600;-17.7288;-1.9166;103.6957;103.6537 
19.7540;-18.4347;-3.2367;103.6957;103.6537 
19.8480;-17.7288;-5.1114;103.6957;103.6537 
19.9410;-17.9638;-0.9660;103.6957;103.6537 
20.0350;-18.1991;-3.6654;103.6957;103.6537 
20.1290;-17.9638;-2.2128;103.6957;103.6537 
20.2230;-17.9638;-0.8919;103.6957;103.6537 
20.3170;-18.4347;-1.2577;103.6957;103.6537 
20.4110;-18.1991;1.2360;103.6957;103.6537 
20.5030;-16.7919;7.4421;103.6957;103.6537 
20.5950;-11.9414;-1.5155;103.6957;103.6537 
20.6890;-9.6641;-3.2905;103.6957;103.6537 
20.7810;-7.4021;-9.6908;103.6957;103.6537 
20.8740;-4.9271;13.2319;103.6957;103.6537 
20.9660;-2.9091;11.2311;103.6957;103.6537 
21.0580;-2.0136;8.5727;103.6957;103.6537 
21.1490;0.8948;-42.8310;103.6957;103.6537 
21.2400;1.5660;-4.6121;103.6957;103.6537 
21.3300;5.3763;3.9876;103.6957;103.6537 
21.4180;1.1185;1.2213;103.6957;103.6537 
21.5070;1.1185;-0.9908;103.6957;103.6537 
21.5970;1.1185;-1.4823;103.6957;103.6537 
21.6860;0.6711;1.2766;103.6957;103.6537 
21.7730;0.6711;0.0544;103.6957;103.6537 
21.8620;1.1185;0.2466;103.6957;103.6537 
21.9500;0.8948;2.0348;103.6957;103.6537 
22.0390;0.8948;2.4885;103.6957;103.6537 
22.1270;1.1185;0.6721;103.6957;103.6537 
22.2160;1.1185;0.5326;103.6957;103.6537 
22.3050;0.8948;0.8031;103.6957;103.6537 
22.3940;0.4474;-0.3910;103.6957;103.6537 
22.4830;1.1185;0.3283;103.6957;103.6537 
22.5700;1.1185;0.1828;103.6957;103.6537 
22.6580;0.0000;-0.4452;103.6957;103.6537 
22.7470;0.4474;-0.3674;103.6957;103.6537 
22.8360;1.7898;0.7942;103.6957;103.6537 
22.9240;0.4474;1.7224;103.6957;103.6537 
23.0120;1.1185;0.5304;103.6957;103.6537 
23.1010;1.1185;0.3606;103.6957;103.6537 
23.1900;0.6711;0.1938;103.6957;103.6537 
23.2790;0.6711;0.1094;103.6957;103.6537 
23.3660;0.8948;0.2558;103.6957;103.6537 
23.4540;0.6711;-1.2680;103.6957;103.6537 
23.5440;1.1185;-1.7357;103.6957;103.6537 
23.6330;1.1185;-0.2945;103.6957;103.6537 
23.7220;0.6711;-0.1858;103.6957;103.6537 
23.8100;0.6711;0.0731;103.6957;103.6537 
23.8980;1.1185;0.2484;103.6957;103.6537 
23.9860;0.8948;-1.0799;103.6957;103.6537 
24.0760;0.8948;-0.2621;103.6957;103.6537 
24.1640;1.3422;0.2466;103.6957;103.6537 
24.2520;1.1185;0.9645;103.6957;103.6537 
24.3410;0.4474;1.6730;103.6957;103.6537 
24.4300;1.3422;0.5217;103.6957;103.6537 
24.5190;0.8948;0.2023;103.6957;103.6537 
24.6070;0.2237;-0.2861;103.6957;103.6537 
24.6960;1.3422;0.3001;103.6957;103.6537 
24.7840;0.6711;-0.2532;103.6957;103.6537 
24.8730;0.0000;1.3005;103.6957;103.6537 
24.9610;1.1185;0.2631;103.6957;103.6537 
25.0490;0.8948;0.4604;103.6957;103.6537 
25.1380;0.4474;1.5905;103.6957;103.6537 
25.2270;1.3422;0.5138;103.6957;103.6537 
25.3160;1.1185;-1.1827;103.6957;103.6537 
25.4060;0.4474;1.4676;103.6957;103.6537 
25.4930;1.1185;0.3475;103.6957;103.6537 
25.5820;0.6711;0.0341;103.6957;103.6537 
25.6710;0.6711;0.2526;103.6957;103.6537 
25.7600;1.1185;0.5825;103.6957;103.6537 
25.8480;0.8948;-1.2065;103.6957;103.6537 
25.9380;0.2237;1.2766;103.6957;103.6537 
26.0260;1.3422;0.1326;103.6957;103.6537 
26.1140;0.2237;-0.1399;103.6957;103.6537 
26.2030;0.6711;-0.2709;103.6957;103.6537 
26.2920;1.1185;0.2155;103.6957;103.6537 
26.3800;0.4474;-0.0117;103.6957;103.6537 
26.4700;0.6711;1.3145;103.6957;103.6537 
26.5580;0.8948;0.2126;103.6957;103.6537 
26.6460;0.6711;-1.5891;103.6957;103.6537 
26.7350;0.6711;-0.4995;103.6957;103.6537 
26.8240;1.1185;-0.1234;103.6957;103.6537 
26.9130;0.6711;-1.7455;103.6957;103.6537 
27.0020;1.1185;0.1115;103.6957;103.6537 
27.0890;1.3422;0.6336;103.6957;103.6537 
27.1780;0.6711;1.9515;103.6957;103.6537 
27.2670;1.1185;0.4280;103.6957;103.6537 
27.3560;1.1185;0.5093;103.6957;103.6537 
27.4450;0.8948;2.0599;103.6957;103.6537 
27.5330;0.4474;0.1675;103.6957;103.6537 
27.6220;1.1185;0.2232;103.6957;103.6537 
27.7100;0.8948;0.6151;103.6957;103.6537 
27.7990;0.6711;-0.2545;103.6957;103.6537 
27.8870;1.1185;0.2171;103.6957;103.6537 
27.9750;0.6711;1.8775;103.6957;103.6537 
28.0640;0.6711;1.9678;103.6957;103.6537 
28.1530;0.6711;0.1205;103.6957;103.6537 
28.2420;0.8948;0.3783;103.6957;103.6537 
28.3300;0.6711;-0.1187;103.6957;103.6537 
28.4190;1.5660;0.6976;103.6957;103.6537 
28.5070;0.2237;0.7408;103.6957;103.6537 
28.5960;0.4474;-0.4997;103.6957;103.6537 
28.6840;1.1185;0.3179;103.6957;103.6537 
28.7720;0.2237;-1.6953;103.6957;103.6537 
28.8620;0.6711;-0.4197;103.6957;103.6537 
28.9510;1.1185;-1.5332;103.6957;103.6537 
29.0400;0.4474;-0.3003;103.6957;103.6537 
29.1280;0.8948;0.0610;103.6957;103.6537 
29.2160;1.5660;-0.6685;103.6957;103.6537 
29.3050;0.4474;-0.3076;103.6957;103.6537 
29.3940;0.6711;-0.2527;103.6957;103.6537 
29.4820;1.1185;0.0587;103.6957;103.6537 
29.5700;1.1185;-1.1020;103.6957;103.6537 
29.6590;0.8948;-0.2299;103.6957;103.6537 
29.7480;1.5660;0.4043;103.6957;103.6537 
29.8360;0.8948;0.7008;103.6957;103.6537 
29.9240;0.4474;1.6135;103.6957;103.6537 
30.0130;0.8948;0.2070;103.6957;103.6537 
30.1020;0.6711;1.5253;103.6957;103.6537 
30.1910;0.6711;0.2367;103.6957;103.6537 
30.2790;1.3422;0.1016;103.6957;103.6537 
30.3670;1.1185;-1.5392;103.6957;103.6537 
30.4560;0.4474;-0.5808;103.6957;103.6537 
30.5450;1.1185;-0.0069;103.6957;103.6537 
30.6340;0.6711;0.2800;103.6957;103.6537 
30.7220;0.6711;1.6936;103.6957;103.6537 
30.8110;1.3422;0.3994;103.6957;103.6537 
30.9000;1.1185;0.8207;103.6957;103.6537 
30.9890;0.2237;1.5047;103.6957;103.6537 
31.0780;1.1185;0.4753;103.6957;103.6537 
31.1660;0.8948;0.5177;103.6957;103.6537 
31.2550;0.6711;-1.4014;103.6957;103.6537 
31.3440;1.1185;-0.4895;103.6957;103.6537 
31.4330;0.8948;0.3884;103.6957;103.6537 
31.5210;0.8948;0.0368;103.6957;103.6537 
31.6090;0.6711;0.1286;103.6957;103.6537 
31.6970;1.1185;-0.0633;103.6957;103.6537 
31.7860;0.4474;-0.1598;103.6957;103.6537 
31.8750;1.3422;0.3464;103.6957;103.6537 
31.9620;0.8948;0.5026;103.6957;103.6537 
32.0510;0.4474;-0.4198;103.6957;103.6537 
32.1400;0.8948;0.3294;103.6957;103.6537 
32.2280;0.6711;0.3150;103.6957;103.6537 
32.3160;0.4474;0.1249;103.6957;103.6537 
32.4050;0.8948;-0.2524;103.6957;103.6537 
32.4940;0.6711;-0.0576;103.6957;103.6537 
32.5830;0.8948;0.0814;103.6957;103.6537 
32.6710;0.8948;0.1289;103.6957;103.6537 
32.7580;1.5660;0.2801;103.6957;103.6537 
32.8460;0.6711;2.1104;103.6957;103.6537 
32.9350;0.6711;0.1342;103.6957;103.6537 
33.0240;0.4474;-0.3678;103.6957;103.6537 
33.1120;0.8948;2.0318;103.6957;103.6537 
33.2010;0.6711;0.3194;103.6957;103.6537 
33.2900;0.6711;-0.1956;103.6957;103.6537 
33.3790;0.2237;-0.5539;103.6957;103.6537 
33.4680;0.8948;0.1239;103.6957;103.6537 
33.5550;0.8948;0.4499;103.6957;103.6537 
33.6440;0.8948;-1.4119;103.6957;103.6537 
33.7330;1.1185;0.2991;103.6957;103.6537 
33.8210;0.8948;1.6015;103.6957;103.6537 
33.9090;0.6711;-1.1393;103.6957;103.6537 
33.9990;1.1185;-1.7234;103.6957;103.6537 
34.0880;0.8948;-0.4479;103.6957;103.6537 
34.1770;1.1185;1.9302;103.6957;103.6537 
34.2660;0.6711;0.5024;103.6957;103.6537 
34.3540;1.3422;0.2855;103.6957;103.6537 
34.4420;1.1185;0.8098;103.6957;103.6537 
34.5310;0.8948;-0.2056;103.6957;103.6537 
34.6200;0.8948;0.1014;103.6957;103.6537 
34.7080;0.4474;0.5771;103.6957;103.6537 
34.7960;0.4474;-1.8986;103.6957;103.6537 
34.8850;0.6711;-0.8803;103.6957;103.6537 
34.9740;0.6711;0.2865;103.6957;103.6537 
35.0630;0.4474;-0.7916;103.6957;103.6537 
35.1510;0.6711;-0.1776;103.6957;103.6537 
35.2400;1.1185;-1.1931;103.6957;103.6537 
35.3290;0.4474;-0.7062;103.6957;103.6537 
35.4180;1.1185;0.2981;103.6957;103.6537 
35.5060;0.4474;0.4717;103.6957;103.6537 
35.5940;0.8948;-0.1822;103.6957;103.6537 
35.6830;1.1185;0.2582;103.6957;103.6537 
35.7710;0.6711;0.1840;103.6957;103.6537 
35.8600;1.1185;0.1005;103.6957;103.6537 
35.9480;0.8948;0.1650;103.6957;103.6537 
36.0350;0.8948;-0.0216;103.6957;103.6537 
36.1240;0.6711;2.1374;103.6957;103.6537 
36.2130;1.1185;0.6043;103.6957;103.6537 
36.3020;0.6711;-0.0999;103.6957;103.6537 
36.3900;0.8948;2.0917;103.6957;103.6537 
36.4790;0.8948;0.6010;103.6957;103.6537 
36.5680;0.6711;-1.6734;103.6957;103.6537 
36.6570;0.8948;-0.0361;103.6957;103.6537 
36.7450;1.1185;0.2722;103.6957;103.6537 
36.8330;0.4474;1.7283;103.6957;103.6537 
36.9220;1.1185;0.6894;103.6957;103.6537 
37.0110;0.8948;0.2213;103.6957;103.6537 
37.1000;0.4474;-1.2674;103.6957;103.6537 
37.1900;0.6711;-0.5030;103.6957;103.6537 
37.2780;0.8948;0.0388;103.6957;103.6537 
37.3660;0.8948;0.2833;103.6957;103.6537 
37.4540;0.8948;0.3067;103.6957;103.6537 
37.5430;0.8948;0.1504;103.6957;103.6537 
37.6300;0.8948;0.4154;103.6957;103.6537 
37.7190;1.1185;2.0499;103.6957;103.6537 
37.8080;1.1185;0.0304;103.6957;103.6537 
37.8970;0.4474;1.7051;103.6957;103.6537 
37.9850;1.1185;0.5287;103.6957;103.6537 
38.0740;0.8948;0.0474;103.6957;103.6537 
38.1620;0.6711;-1.4464;103.6957;103.6537 
38.2510;0.8948;-0.3314;103.6957;103.6537 
38.3400;0.8948;0.4064;103.6957;103.6537 
38.4280;0.8948;-1.5746;103.6957;103.6537 
38.5170;1.1185;1.7011;103.6957;103.6537 
38.6050;0.6711;0.3220;103.6957;103.6537 
38.6940;0.6711;0.5600;103.6957;103.6537 
38.7820;0.6711;-0.2940;103.6957;103.6537 
38.8710;0.8948;-1.5173;103.6957;103.6537 
38.9600;0.6711;-0.4584;103.6957;103.6537 
39.0490;0.8948;0.2015;103.6957;103.6537 
39.1370;0.8948;0.7372;103.6957;103.6537 
39.2250;0.6711;-0.2428;103.6957;103.6537 
39.3140;1.3422;0.5312;103.6957;103.6537 
39.4020;1.3422;-0.7096;103.6957;103.6537 
39.4920;0.8948;0.2802;103.6957;103.6537 
39.5800;0.8948;-0.2905;103.6957;103.6537 
39.6680;0.4474;1.6402;103.6957;103.6537 
39.7570;0.6711;2.0694;103.6957;103.6537 
39.8460;0.8948;0.1263;103.6957;103.6537 
39.9350;1.1185;0.4462;103.6957;103.6537 
40.0230;0.6711;0.0435;103.6957;103.6537 
40.1120;1.1185;0.4040;103.6957;103.6537 
40.2000;1.1185;-1.0690;103.6957;103.6537 
40.2900;0.6711;-0.1014;103.6957;103.6537 
40.3790;0.6711;-0.1988;103.6957;103.6537 
40.4670;1.5660;0.6900;103.6957;103.6537 
40.5550;0.4474;0.5776;103.6957;103.6537 
40.6440;0.8948;-0.0135;103.6957;103.6537 
40.7330;0.4474;-1.4483;103.6957;103.6537 
40.8210;0.4474;-0.5534;103.6957;103.6537 
40.9100;0.8948;1.5757;103.6957;103.6537 
40.9980;0.6711;0.1173;103.6957;103.6537 
41.0870;0.4474;0.2274;103.6957;103.6537 
41.1760;0.0000;-0.6651;103.6957;103.6537 
41.2640;0.8948;-0.0794;103.6957;103.6537 
41.3530;0.8948;-1.3040;103.6957;103.6537 
41.4420;0.2237;-0.5886;103.6957;103.6537 
41.5310;1.3422;-1.1463;103.6957;103.6537 
41.6200;0.6711;-0.0746;103.6957;103.6537 
41.7080;0.6711;-0.3547;103.6957;103.6537 
41.7970;1.1185;0.3660;103.6957;103.6537 
41.8850;0.2237;1.7412;103.6957;103.6537 
41.9740;1.1185;0.3395;103.6957;103.6537 
42.0630;1.1185;2.3567;103.6957;103.6537 
42.1510;0.6711;0.3847;103.6957;103.6537 
42.2400;1.1185;-1.2978;103.6957;103.6537 
42.3290;0.6711;-0.5617;103.6957;103.6537 
42.4180;0.8948;0.0332;103.6957;103.6537 
42.5050;0.8948;0.1243;103.6957;103.6537 
42.5930;0.8948;1.8304;103.6957;103.6537 
42.6820;0.8948;2.4690;103.6957;103.6537 
42.7710;1.1185;0.9872;103.6957;103.6537 
42.8600;0.6711;0.0952;103.6957;103.6537 
42.9480;0.6711;-0.0585;103.6957;103.6537 
43.0370;1.1185;0.2358;103.6957;103.6537 
43.1250;0.4474;0.1858;103.6957;103.6537 
43.2140;1.1185;2.2393;103.6957;103.6537 
43.3020;0.6711;0.5319;103.6957;103.6537 
43.3910;0.8948;-1.2798;103.6957;103.6537 
43.4800;0.8948;-0.4397;103.6957;103.6537 
43.5690;0.6711;-1.6515;103.6957;103.6537 
43.6580;0.6711;-0.8225;103.6957;103.6537 
43.7460;1.3422;0.4758;103.6957;103.6537 
43.8340;0.8948;0.5520;103.6957;103.6537 
43.9230;0.8948;-0.9267;103.6957;103.6537 
44.0130;0.6711;-0.5604;103.6957;103.6537 
44.1020;0.4474;-0.1173;103.6957;103.6537 
44.1900;0.6711;-0.1131;103.6957;103.6537 
44.2790;0.8948;-1.0245;103.6957;103.6537 
44.3680;0.6711;-0.2528;103.6957;103.6537 
44.4570;1.1185;0.3757;103.6957;103.6537 
44.5440;0.8948;0.3497;103.6957;103.6537 
44.6330;0.8948;0.1546;103.6957;103.6537 
44.7210;0.6711;-1.5947;103.6957;103.6537 
44.8100;0.4474;-0.8131;103.6957;103.6537 
44.8990;0.8948;1.6723;103.6957;103.6537 
44.9870;0.6711;0.1265;103.6957;103.6537 
45.0760;0.6711;2.1173;103.6957;103.6537 
45.1650;1.1185;0.6024;103.6957;103.6537 
45.2540;0.4474;-1.8306;103.6957;103.6537 
45.3420;0.8948;1.2951;103.6957;103.6537 
45.4300;0.6711;0.6873;103.6957;103.6537 
45.5190;0.8948;1.7286;103.6957;103.6537 
45.6080;0.6711;0.1319;103.6957;103.6537 
45.6970;0.8948;0.2580;103.6957;103.6537 
45.7840;0.6711;-0.0087;103.6957;103.6537 
45.8730;0.6711;-1.4860;103.6957;103.6537 
45.9620;0.8948;-0.3352;103.6957;103.6537 
46.0510;0.8948;0.2475;103.6957;103.6537 
46.1390;0.8948;2.3176;103.6957;103.6537 
46.2270;0.8948;0.7811;103.6957;103.6537 
46.3160;0.8948;-1.8186;103.6957;103.6537 
46.4050;0.6711;1.3687;103.6957;103.6537 
46.4930;0.4474;0.0672;103.6957;103.6537 
46.5810;0.8948;0.2175;103.6957;103.6537 
46.6690;0.8948;0.1419;103.6957;103.6537 
46.7570;0.4474;0.3010;103.6957;103.6537 
46.8460;0.6711;-0.0731;103.6957;103.6537 
46.9340;0.8948;-0.0786;103.6957;103.6537 
47.0230;1.1185;0.5480;103.6957;103.6537 
47.1120;0.8948;-1.3312;103.6957;103.6537 
47.2010;0.6711;-0.4406;103.6957;103.6537 
47.2900;0.4474;-0.2643;103.6957;103.6537 
47.3780;1.1185;0.7788;103.6957;103.6537 
47.4670;0.6711;-0.3631;103.6957;103.6537 
47.5560;0.8948;0.0521;103.6957;103.6537 
47.6440;0.6711;-0.0284;103.6957;103.6537 
47.7330;1.1185;0.3972;103.6957;103.6537 
47.8200;1.3422;2.5168;103.6957;103.6537 
47.9090;0.6711;1.9732;103.6957;103.6537 
47.9980;0.8948;1.9730;103.6957;103.6537 
48.0870;1.1185;2.6372;103.6957;103.6537 
48.1750;0.4474;0.0985;103.6957;103.6537 
48.2640;1.1185;0.3751;103.6957;103.6537 
48.3520;0.8948;2.0471;103.6957;103.6537 
48.4410;0.8948;-0.7837;103.6957;103.6537 
48.5310;0.8948;-0.0753;103.6957;103.6537 
48.6190;0.8948;1.9698;103.6957;103.6537 
48.7080;1.1185;0.6225;103.6957;103.6537 
48.7970;1.1185;0.5279;103.6957;103.6537 
48.8860;0.6711;-0.1072;103.6957;103.6537 
48.9750;0.4474;0.5229;103.6957;103.6537 
49.0630;1.3422;0.1318;103.6957;103.6537 
49.1510;0.8948;0.9575;103.6957;103.6537 
49.2400;0.6711;1.6342;103.6957;103.6537 
49.3290;0.8948;0.2432;103.6957;103.6537 
49.4180;1.1185;-0.9602;103.6957;103.6537 
49.5070;1.3422;0.2512;103.6957;103.6537 
49.5950;0.6711;0.2175;103.6957;103.6537 
49.6840;0.6711;-0.0468;103.6957;103.6537 
49.7730;0.8948;-1.1767;103.6957;103.6537 
49.8610;0.8948;-0.2713;103.6957;103.6537 
49.9500;0.4474;-1.4730;103.6957;103.6537 
50.0390;0.8948;-1.7857;103.6957;103.6537 
50.1280;0.6711;-0.8011;103.6957;103.6537 
50.2170;0.6711;1.8701;103.6957;103.6537 
50.3050;0.8948;0.2657;103.6957;103.6537 
50.3940;0.6711;-0.0080;103.6957;103.6537 
50.4830;0.6711;0.0901;103.6957;103.6537 
50.5710;0.8948;2.1099;103.6957;103.6537 
50.6590;1.1185;0.4774;103.6957;103.6537 
50.7480;0.6711;-0.2705;103.6957;103.6537 
50.8370;0.4474;-0.4065;103.6957;103.6537 
50.9260;0.8948;-1.2453;103.6957;103.6537 
51.0150;0.8948;-0.5949;103.6957;103.6537 
51.1030;0.6711;0.2266;103.6957;103.6537 
51.1910;0.8948;0.4255;103.6957;103.6537 
51.2800;0.4474;0.0112;103.6957;103.6537 
51.3690;0.6711;1.7551;103.6957;103.6537 
51.4580;0.4474;-1.3134;103.6957;103.6537 
51.5470;0.4474;-2.5549;103.6957;103.6537 
51.6360;0.6711;-2.3606;103.6957;103.6537 
51.7250;0.6711;-0.4148;103.6957;103.6537 
51.8140;0.8948;0.2057;103.6957;103.6537 
51.9010;1.1185;0.4538;103.6957;103.6537 
51.9900;0.6711;0.3241;103.6957;103.6537 
52.0790;0.6711;1.5394;103.6957;103.6537 
52.1670;1.1185;0.8270;103.6957;103.6537 
52.2560;0.6711;-0.2000;103.6957;103.6537 
52.3440;0.6711;0.0717;103.6957;103.6537 
52.4320;1.1185;0.0898;103.6957;103.6537 
52.5200;0.8948;0.1639;103.6957;103.6537 
52.6080;1.1185;0.7667;103.6957;103.6537 
52.6960;1.1185;-0.7174;103.6957;103.6537 
52.7860;0.6711;-2.0822;103.6957;103.6537 
52.8750;0.8948;-0.3922;103.6957;103.6537 
52.9640;0.8948;0.2421;103.6957;103.6537 
53.0520;0.8948;0.3027;103.6957;103.6537 
53.1400;0.4474;-0.0005;103.6957;103.6537 
53.2300;0.8948;0.0526;103.6957;103.6537 
53.3180;0.8948;0.1261;103.6957;103.6537 
53.4060;0.8948;-0.0253;103.6957;103.6537 
53.4940;0.6711;1.9786;103.6957;103.6537 
53.5830;0.6711;0.1216;103.6957;103.6537 
53.6720;0.6711;-0.0560;103.6957;103.6537 
53.7610;1.3422;2.4050;103.6957;103.6537 
53.8500;0.8948;-0.9980;103.6957;103.6537 
53.9400;0.6711;-0.4088;103.6957;103.6537 
54.0280;1.1185;-0.1147;103.6957;103.6537 
54.1170;1.3422;0.2950;103.6957;103.6537 
54.2050;0.8948;0.3763;103.6957;103.6537 
54.2940;0.8948;-1.4189;103.6957;103.6537 
54.3820;0.4474;1.0939;103.6957;103.6537 
54.4700;0.2237;-1.4069;103.6957;103.6537 
54.5600;0.8948;-1.0300;103.6957;103.6537 
54.6490;0.6711;0.0265;103.6957;103.6537 
54.7370;0.8948;0.4064;103.6957;103.6537 
54.8250;0.8948;-0.9406;103.6957;103.6537 
54.9150;0.4474;1.1396;103.6957;103.6537 
55.0030;0.8948;0.3201;103.6957;103.6537 
55.0920;0.8948;-0.0068;103.6957;103.6537 
55.1800;0.8948;0.2789;103.6957;103.6537 
55.2680;0.6711;1.8492;103.6957;103.6537 
55.3570;0.6711;0.1092;103.6957;103.6537 
55.4460;0.8948;-0.0612;103.6957;103.6537 
55.5350;1.1185;-0.0472;103.6957;103.6537 
55.6230;1.1185;-0.9537;103.6957;103.6537 
55.7130;0.8948;-0.0573;103.6957;103.6537 
55.8020;1.3422;0.2662;103.6957;103.6537 
55.8900;0.8948;-1.5195;103.6957;103.6537 
55.9790;0.6711;1.2388;103.6957;103.6537 
56.0660;0.8948;0.3638;103.6957;103.6537 
56.1550;1.1185;0.1519;103.6957;103.6537 
56.2430;0.6711;0.1738;103.6957;103.6537 
56.3320;1.1185;-1.1595;103.6957;103.6537 
56.4200;0.8948;-0.5524;103.6957;103.6537 
56.5090;0.6711;1.7697;103.6957;103.6537 
56.5980;0.6711;0.2601;103.6957;103.6537 
56.6870;0.6711;-1.4603;103.6957;103.6537 
56.7760;0.6711;-0.6457;103.6957;103.6537 
56.8640;0.4474;0.0330;103.6957;103.6537 
56.9520;0.8948;0.4942;103.6957;103.6537 
57.0410;0.6711;1.2729;103.6957;103.6537 
57.1290;0.8948;-1.2089;103.6957;103.6537 
57.2190;1.1185;-0.2784;103.6957;103.6537 
57.3070;1.1185;-1.2928;103.6957;103.6537 
57.3960;0.8948;-0.5652;103.6957;103.6537 
57.4850;0.6711;-0.4045;103.6957;103.6537 
57.5740;0.6711;0.1736;103.6957;103.6537 
57.6620;0.6711;1.8419;103.6957;103.6537 
57.7510;0.6711;-1.4675;103.6957;103.6537 
57.8410;0.8948;1.3641;103.6957;103.6537 
57.9290;0.2237;0.1050;103.6957;103.6537 
58.0180;0.4474;-0.1221;103.6957;103.6537 
58.1060;0.6711;0.0449;103.6957;103.6537 
58.1940;0.8948;1.9471;103.6957;103.6537 
58.2830;0.8948;0.3073;103.6957;103.6537 
58.3720;0.8948;0.4674;103.6957;103.6537 
58.4600;0.6711;0.6081;103.6957;103.6537 
58.5490;0.8948;-0.6103;103.6957;103.6537 
58.6380;0.8948;-1.3548;103.6957;103.6537 
58.7270;0.8948;-0.4468;103.6957;103.6537 
58.8160;0.6711;-1.6522;103.6957;103.6537 
58.9040;0.6711;0.0913;103.6957;103.6537 
58.9920;0.8948;1.6716;103.6957;103.6537 
59.0800;0.8948;0.1225;103.6957;103.6537 
59.1690;0.4474;-0.0177;103.6957;103.6537 
59.2580;0.6711;0.6517;103.6957;103.6537 
59.3470;0.6711;-0.0053;103.6957;103.6537 
59.4360;0.8948;-0.3520;103.6957;103.6537 
59.5250;0.8948;-0.2295;103.6957;103.6537 
59.6140;0.6711;0.3830;103.6957;103.6537 
59.7020;0.6711;-2.0454;103.6957;103.6537 
59.7910;0.6711;0.2491;103.6957;103.6537 
59.8800;0.4474;0.3985;103.6957;103.6537 
59.9690;0.4474;-0.4982;103.6957;103.6537 
60.0580;1.3422;0.4726;103.6957;103.6537 
60.1450;0.6711;-1.3373;103.6957;103.6537 
60.2350;0.6711;-0.3170;103.6957;103.6537 
60.3240;0.8948;-0.1019;103.6957;103.6537 
60.4130;0.6711;-1.4607;103.6957;103.6537 
60.5020;0.8948;-0.4912;103.6957;103.6537 
60.5900;1.1185;0.0702;103.6957;103.6537 
60.6780;0.8948;2.0180;103.6957;103.6537 
60.7670;0.8948;0.7895;103.6957;103.6537 
60.8560;0.8948;1.8940;103.6957;103.6537 
60.9440;0.2237;1.6946;103.6957;103.6537 
61.0330;0.6711;0.1844;103.6957;103.6537 
61.1220;0.8948;-1.6300;103.6957;103.6537 
61.2110;0.6711;1.5452;103.6957;103.6537 
61.2990;0.6711;0.3971;103.6957;103.6537 
61.3870;0.8948;-1.2927;103.6957;103.6537 
61.4760;0.6711;-0.1570;103.6957;103.6537 
61.5650;1.1185;-0.0535;103.6957;103.6537 
61.6540;0.6711;0.1542;103.6957;103.6537 
61.7430;0.6711;0.2640;103.6957;103.6537 
61.8310;1.5660;0.7342;103.6957;103.6537 
61.9190;1.1185;0.4486;103.6957;103.6537 
62.0080;0.4474;0.3276;103.6957;103.6537 
62.0970;0.4474;-0.3465;103.6957;103.6537 
62.1850;0.8948;-1.5565;103.6957;103.6537 
62.2740;0.8948;1.7067;103.6957;103.6537 
62.3620;0.8948;0.1258;103.6957;103.6537 
62.4510;0.8948;0.4130;103.6957;103.6537 
62.5400;0.6711;-2.0083;103.6957;103.6537 
62.6280;0.8948;-0.3851;103.6957;103.6537 
62.7170;0.6711;-1.6463;103.6957;103.6537 
62.8060;0.6711;-1.9225;103.6957;103.6537 
62.8950;0.6711;-0.6899;103.6957;103.6537 
62.9840;1.1185;-1.4006;103.6957;103.6537 
63.0720;0.6711;-0.4130;103.6957;103.6537 
63.1610;1.1185;0.3604;103.6957;103.6537 
63.2490;0.6711;1.8912;103.6957;103.6537 
63.3380;0.4474;0.5556;103.6957;103.6537 
63.4260;1.3422;0.1349;103.6957;103.6537 
63.5140;1.3422;2.0505;103.6957;103.6537 
63.6030;0.0000;-1.8084;103.6957;103.6537 
63.6930;0.8948;0.1282;103.6957;103.6537 
63.7800;0.6711;-0.4595;103.6957;103.6537 
63.8690;0.0000;1.2808;103.6957;103.6537 
63.9580;0.4474;-0.0439;103.6957;103.6537 
64.0470;0.2237;-1.6742;103.6957;103.6537 
64.1360;0.4474;-0.7306;103.6957;103.6537 
64.2240;0.6711;0.1452;103.6957;103.6537 
64.3120;1.1185;0.0968;103.6957;103.6537 
64.4000;0.4474;-0.1444;103.6957;103.6537 
64.4890;0.8948;0.1973;103.6957;103.6537 
64.5770;0.8948;0.2984;103.6957;103.6537 
64.6650;1.1185;-1.2718;103.6957;103.6537 
64.7540;0.6711;-0.2423;103.6957;103.6537 
64.8430;1.1185;1.9157;103.6957;103.6537 
64.9320;0.6711;-1.2335;103.6957;103.6537 
65.0220;0.8948;-0.6280;103.6957;103.6537 
65.1100;1.1185;-1.2020;103.6957;103.6537 
65.1990;0.8948;1.4579;103.6957;103.6537 
65.2870;0.8948;0.4190;103.6957;103.6537 
65.3760;1.1185;0.3157;103.6957;103.6537 
65.4630;0.8948;-1.0735;103.6957;103.6537 
65.5530;0.8948;1.5945;103.6957;103.6537 
65.6410;0.8948;-1.3024;103.6957;103.6537 
65.7310;0.4474;1.1050;103.6957;103.6537 
65.8190;1.1185;2.3273;103.6957;103.6537 
65.9070;0.8948;-1.0396;103.6957;103.6537 
65.9970;0.6711;-0.2543;103.6957;103.6537 
66.0860;0.6711;-0.0920;103.6957;103.6537 
66.1750;0.8948;0.3950;103.6957;103.6537 
66.2620;0.8948;0.1589;103.6957;103.6537 
66.3500;1.3422;0.6039;103.6957;103.6537 
66.4390;0.8948;-1.3287;103.6957;103.6537 
66.5290;0.6711;-0.5989;103.6957;103.6537 
66.6180;0.8948;1.8855;103.6957;103.6537 
66.7060;1.1185;0.4560;103.6957;103.6537 
66.7950;0.8948;-1.3771;103.6957;103.6537 
66.8840;0.6711;-1.8626;103.6957;103.6537 
66.9730;0.8948;1.0093;103.6957;103.6537 
67.0610;1.1185;1.1275;103.6957;103.6537 
67.1490;0.8948;-1.5928;103.6957;103.6537 
67.2380;1.3422;1.8539;103.6957;103.6537 
67.3260;0.8948;0.5253;103.6957;103.6537 
67.4150;0.8948;0.3298;103.6957;103.6537 
67.5030;0.6711;-0.0019;103.6957;103.6537 
67.5920;0.6711;1.6296;103.6957;103.6537 
67.6810;0.6711;-1.1709;103.6957;103.6537 
67.7710;0.8948;-0.6220;103.6957;103.6537 
67.8600;0.8948;0.0616;103.6957;103.6537 
67.9470;0.6711;2.1453;103.6957;103.6537 
68.0360;1.1185;1.0434;103.6957;103.6537 
68.1250;1.1185;-0.9709;103.6957;103.6537 
68.2140;1.1185;-0.0629;103.6957;103.6537 
68.3020;1.1185;1.6843;103.6957;103.6537 
68.3910;0.6711;-1.2556;103.6957;103.6537 
68.4810;1.3422;-0.3210;103.6957;103.6537 
68.5700;0.8948;1.8563;103.6957;103.6537 
68.6590;0.2237;-1.5825;103.6957;103.6537 
68.7490;1.1185;-0.5753;103.6957;103.6537 
68.8370;0.6711;0.1043;103.6957;103.6537 
68.9250;0.0000;-1.9388;103.6957;103.6537 
69.0140;0.8948;-0.4811;103.6957;103.6537 
69.1030;1.3422;0.3842;103.6957;103.6537 
69.1910;0.6711;0.0718;103.6957;103.6537 
69.2790;0.8948;2.1081;103.6957;103.6537 
69.3680;0.6711;2.1826;103.6957;103.6537 
69.4570;1.1185;2.6230;103.6957;103.6537 
69.5460;0.8948;-1.1698;103.6957;103.6537 
69.6350;0.8948;1.2683;103.6957;103.6537 
69.7230;0.8948;0.2424;103.6957;103.6537 
69.8120;0.6711;-0.0102;103.6957;103.6537 
69.9010;0.8948;0.3658;103.6957;103.6537 
69.9900;0.8948;-0.0024;103.6957;103.6537 
70.0780;0.6711;1.7008;103.6957;103.6537 
70.1670;1.1185;0.2456;103.6957;103.6537 
70.2560;0.6711;-1.7102;103.6957;103.6537 
70.3450;0.8948;1.6578;103.6957;103.6537 
70.4330;0.8948;0.1212;103.6957;103.6537 
70.5210;0.8948;-0.1843;103.6957;103.6537 
70.6100;0.6711;0.5828;103.6957;103.6537 
70.6990;0.6711;1.5270;103.6957;103.6537 
70.7880;1.1185;0.8629;103.6957;103.6537 
70.8760;0.8948;0.5548;103.6957;103.6537 
70.9650;0.4474;1.7210;103.6957;103.6537 
71.0540;0.6711;-0.0958;103.6957;103.6537 
71.1430;1.3422;-1.5062;103.6957;103.6537 
71.2320;0.6711;-0.3889;103.6957;103.6537 
71.3200;0.8948;-0.1088;103.6957;103.6537 
71.4090;1.1185;0.2652;103.6957;103.6537 
71.4970;0.8948;-0.9199;103.6957;103.6537 
71.5870;0.8948;1.6091;103.6957;103.6537 
71.6740;1.1185;2.6024;103.6957;103.6537 
71.7630;0.6711;0.2497;103.6957;103.6537 
71.8520;0.8948;0.4277;103.6957;103.6537 
71.9410;0.6711;-0.1510;103.6957;103.6537 
72.0300;0.8948;0.2309;103.6957;103.6537 
72.1170;0.8948;-1.4328;103.6957;103.6537 
72.2060;0.8948;-0.0159;103.6957;103.6537 
72.2950;0.8948;1.2201;103.6957;103.6537 
72.3830;1.1185;-1.0252;103.6957;103.6537 
72.4730;1.1185;-1.4856;103.6957;103.6537 
72.5610;0.6711;1.2763;103.6957;103.6537 
72.6490;0.0000;1.6053;103.6957;103.6537 
72.7380;1.1185;0.1338;103.6957;103.6537 
72.8260;0.8948;-1.2494;103.6957;103.6537 
72.9140;0.8948;-1.8543;103.6957;103.6537 
73.0030;1.3422;-0.1855;103.6957;103.6537 
73.0920;0.6711;-1.4002;103.6957;103.6537 
73.1810;0.4474;-0.7945;103.6957;103.6537 
73.2700;1.1185;1.9871;103.6957;103.6537 
73.3580;0.8948;0.3454;103.6957;103.6537 
73.4470;0.6711;0.2795;103.6957;103.6537 
73.5360;1.3422;-1.4332;103.6957;103.6537 
73.6250;0.8948;-2.2789;103.6957;103.6537 
73.7130;0.6711;-0.6897;103.6957;103.6537 
73.8020;0.6711;0.0249;103.6957;103.6537 
73.8900;0.8948;1.9452;103.6957;103.6537 
73.9790;0.8948;1.0625;103.6957;103.6537 
74.0680;0.6711;-0.3702;103.6957;103.6537 
74.1560;0.8948;-1.5246;103.6957;103.6537 
74.2450;0.4474;-0.7721;103.6957;103.6537 
74.3340;0.8948;-1.2803;103.6957;103.6537 
74.4230;1.1185;-1.8612;103.6957;103.6537 
74.5120;1.1185;-0.1480;103.6957;103.6537 
74.6000;0.6711;-0.0133;103.6957;103.6537 
74.6890;0.8948;0.2441;103.6957;103.6537 
74.7770;0.8948;-1.2731;103.6957;103.6537 
74.8660;0.8948;-0.5975;103.6957;103.6537 
74.9550;0.6711;1.7654;103.6957;103.6537 
75.0430;0.2237;-0.0494;103.6957;103.6537 
75.1330;0.8948;0.0137;103.6957;103.6537 
75.2210;0.6711;-0.0321;103.6957;103.6537 
75.3100;0.8948;0.0838;103.6957;103.6537 
75.3970;1.1185;2.1396;103.6957;103.6537 
75.4860;1.5660;0.8236;103.6957;103.6537 
75.5750;0.8948;-1.2735;103.6957;103.6537 
75.6650;0.8948;-1.8566;103.6957;103.6537 
75.7540;0.8948;1.3611;103.6957;103.6537 
75.8410;1.3422;0.4019;103.6957;103.6537 
75.9300;0.8948;0.6664;103.6957;103.6537 
76.0190;0.8948;1.7609;103.6957;103.6537 
76.1080;0.8948;1.8284;103.6957;103.6537 
76.1970;0.8948;2.3104;103.6957;103.6537 
76.2850;0.8948;0.7804;103.6957;103.6537 
76.3740;1.1185;0.3503;103.6957;103.6537 
76.4630;0.6711;1.7688;103.6957;103.6537 
76.5520;0.8948;0.4145;103.6957;103.6537 
76.6410;1.1185;-0.1602;103.6957;103.6537 
76.7290;0.4474;0.1479;103.6957;103.6537 
76.8180;1.1185;-0.0957;103.6957;103.6537 
76.9070;0.8948;-1.4298;103.6957;103.6537 
76.9960;0.6711;1.4059;103.6957;103.6537 
77.0830;1.3422;0.6889;103.6957;103.6537 
77.1720;0.8948;0.0970;103.6957;103.6537 
77.2610;0.6711;2.1487;103.6957;103.6537 
77.3500;0.8948;0.2924;103.6957;103.6537 
77.4380;1.3422;-1.2764;103.6957;103.6537 
77.5270;0.6711;0.0715;103.6957;103.6537 
77.6150;1.1185;-0.1901;103.6957;103.6537 
77.7040;1.1185;-1.4428;103.6957;103.6537 
77.7930;0.6711;0.0213;103.6957;103.6537 
77.8800;0.8948;-0.1910;103.6957;103.6537 
77.9690;0.6711;1.3287;103.6957;103.6537 
78.0580;0.4474;2.0778;103.6957;103.6537 
78.1470;1.1185;0.4059;103.6957;103.6537 
78.2360;1.1185;-1.2273;103.6957;103.6537 
78.3240;0.4474;1.1465;103.6957;103.6537 
78.4120;0.8948;0.3208;103.6957;103.6537 
78.5010;0.6711;-1.5788;103.6957;103.6537 
78.5900;0.8948;1.5119;103.6957;103.6537 
78.6770;1.1185;0.5787;103.6957;103.6537 
78.7660;1.5660;-0.9017;103.6957;103.6537 
78.8550;0.6711;1.5591;103.6957;103.6537 
78.9440;1.1185;0.5490;103.6957;103.6537 
79.0330;0.6711;-1.5227;103.6957;103.6537 
79.1210;0.4474;1.2082;103.6957;103.6537 
79.2090;0.6711;0.0137;103.6957;103.6537 
79.2970;1.1185;0.5226;103.6957;103.6537 
79.3860;0.4474;1.3138;103.6957;103.6537 
79.4740;1.1185;0.6498;103.6957;103.6537 
79.5630;1.3422;-0.8910;103.6957;103.6537 
79.6530;0.4474;1.2129;103.6957;103.6537 
79.7410;0.8948;0.3271;103.6957;103.6537 
79.8300;0.8948;1.8498;103.6957;103.6537 
79.9180;0.8948;0.7364;103.6957;103.6537 
80.0070;1.3422;0.6591;103.6957;103.6537 
80.0960;1.3422;-0.0352;103.6957;103.6537 
80.1850;0.8948;0.3447;103.6957;103.6537 
80.2740;0.6711;-0.0005;103.6957;103.6537 
80.3620;1.3422;-1.3386;103.6957;103.6537 
80.4510;0.6711;1.4830;103.6957;103.6537 
80.5390;1.1185;2.2392;103.6957;103.6537 
80.6280;1.3422;0.2031;103.6957;103.6537 
80.7170;0.6711;0.4928;103.6957;103.6537 
80.8050;0.6711;1.5555;103.6957;103.6537 
80.8940;0.8948;0.2356;103.6957;103.6537 
80.9830;0.8948;-1.1154;103.6957;103.6537 
81.0730;0.6711;-0.4200;103.6957;103.6537 
81.1610;0.6711;-1.8423;103.6957;103.6537 
81.2500;0.8948;1.1697;103.6957;103.6537 
81.3380;1.1185;-0.5546;103.6957;103.6537 
81.4280;0.8948;-0.3361;103.6957;103.6537 
81.5170;0.6711;1.9488;103.6957;103.6537 
81.6050;1.5660;0.8954;103.6957;103.6537 
81.6940;0.6711;0.9102;103.6957;103.6537 
81.7830;0.8948;-0.4229;103.6957;103.6537 
81.8720;1.1185;-0.8654;103.6957;103.6537 
81.9620;1.3422;-1.4743;103.6957;103.6537 
82.0500;0.8948;0.0486;103.6957;103.6537 
82.1380;0.4474;1.3927;103.6957;103.6537 
82.2260;0.8948;0.1858;103.6957;103.6537 
82.3150;1.1185;-1.4411;103.6957;103.6537 
82.4030;0.6711;1.4390;103.6957;103.6537 
82.4910;1.1185;0.3790;103.6957;103.6537 
82.5800;0.6711;0.1585;103.6957;103.6537 
82.6690;0.2237;-0.6414;103.6957;103.6537 
82.7580;1.1185;-1.4644;103.6957;103.6537 
82.8460;1.1185;-1.8446;103.6957;103.6537 
82.9350;0.0000;1.2538;103.6957;103.6537 
83.0230;0.8948;0.1041;103.6957;103.6537 
83.1110;0.8948;1.8285;103.6957;103.6537 
83.1990;0.4474;0.3039;103.6957;103.6537 
83.2880;1.1185;-0.0807;103.6957;103.6537 
83.3770;0.4474;-0.0029;103.6957;103.6537 
83.4670;0.8948;0.3693;103.6957;103.6537 
83.5550;0.6711;-0.1566;103.6957;103.6537 
83.6430;0.8948;0.5103;103.6957;103.6537 
83.7320;0.2237;-0.5735;103.6957;103.6537 
83.8210;1.1185;1.9740;103.6957;103.6537 
83.9100;0.6711;0.4695;103.6957;103.6537 
83.9990;0.8948;-1.2487;103.6957;103.6537 
84.0870;0.8948;-0.2782;103.6957;103.6537 
84.1760;1.1185;-1.3270;103.6957;103.6537 
84.2650;0.6711;-0.4060;103.6957;103.6537 
84.3540;1.1185;0.0441;103.6957;103.6537 
84.4420;0.8948;-1.2580;103.6957;103.6537 
84.5300;0.4474;-0.4667;103.6957;103.6537 
84.6190;0.8948;-0.1134;103.6957;103.6537 
84.7080;0.8948;-1.6243;103.6957;103.6537 
84.7970;0.4474;-0.4647;103.6957;103.6537 
84.8850;1.3422;0.4758;103.6957;103.6537 
84.9730;0.4474;-1.6500;103.6957;103.6537 
85.0630;0.6711;-0.6981;103.6957;103.6537 
85.1520;0.6711;0.0241;103.6957;103.6537 
85.2390;1.1185;0.7191;103.6957;103.6537 
85.3280;0.4474;-0.4019;103.6957;103.6537 
85.4170;0.8948;0.0142;103.6957;103.6537 
85.5050;1.1185;1.9744;103.6957;103.6537 
85.5940;1.1185;0.6201;103.6957;103.6537 
85.6820;0.4474;-1.7918;103.6957;103.6537 
85.7710;1.1185;-0.7196;103.6957;103.6537 
85.8600;0.8948;-1.1725;103.6957;103.6537 
85.9490;0.4474;-0.5800;103.6957;103.6537 
86.0380;1.1185;0.3102;103.6957;103.6537 
86.1250;1.3422;0.6526;103.6957;103.6537 
86.2140;0.4474;-0.0571;103.6957;103.6537 
86.3040;0.6711;-0.1073;103.6957;103.6537 
86.3930;0.8948;-1.6579;103.6957;103.6537 
86.4820;1.1185;0.1171;103.6957;103.6537 
86.5690;0.8948;-0.5888;103.6957;103.6537 
86.6580;0.8948;-1.6697;103.6957;103.6537 
86.7470;0.8948;-0.3185;103.6957;103.6537 
86.8360;0.8948;0.2491;103.6957;103.6537 
86.9230;0.6711;-0.0096;103.6957;103.6537 
87.0120;0.4474;1.7913;103.6957;103.6537 
87.1010;1.3422;0.8500;103.6957;103.6537 
87.1900;1.3422;0.4215;103.6957;103.6537 
87.2780;0.2237;0.0833;103.6957;103.6537 
87.3670;0.6711;-0.1281;103.6957;103.6537 
87.4560;1.1185;0.0707;103.6957;103.6537 
87.5440;0.2237;1.5545;103.6957;103.6537 
87.6330;0.4474;-0.3004;103.6957;103.6537 
87.7210;1.1185;0.3369;103.6957;103.6537 
87.8090;0.4474;-0.1215;103.6957;103.6537 
87.8990;0.6711;1.7424;103.6957;103.6537 
87.9880;0.8948;-0.0635;103.6957;103.6537 
88.0770;0.2237;-0.3485;103.6957;103.6537 
88.1650;0.4474;-0.0070;103.6957;103.6537 
88.2540;0.8948;1.7494;103.6957;103.6537 
88.3430;0.8948;2.3028;103.6957;103.6537 
88.4320;0.6711;0.6622;103.6957;103.6537 
88.5210;1.1185;-1.1128;103.6957;103.6537 
88.6090;0.4474;-0.3816;103.6957;103.6537 
88.6980;0.6711;-0.1384;103.6957;103.6537 
88.7870;0.8948;-1.3439;103.6957;103.6537 
88.8760;0.6711;1.2556;103.6957;103.6537 
88.9640;1.1185;0.3615;103.6957;103.6537 
89.0520;0.6711;-0.1231;103.6957;103.6537 
89.1410;0.2237;1.4675;103.6957;103.6537 
89.2300;0.4474;1.7056;103.6957;103.6537 
89.3190;0.6711;-1.1978;103.6957;103.6537 
89.4090;1.1185;1.3859;103.6957;103.6537 
89.4960;0.8948;0.7633;103.6957;103.6537 
5.7360;0.6711;-0.4502;103.6957;103.6537 
5.8210;0.8948;-0.2732;103.6957;103.6537 
5.9080;0.2237;1.3288;103.6537;103.6940 
5.9950;0.2237;0.2788;103.6957;103.6537 
6.0810;0.8948;-1.3354;103.6957;103.6537 
6.1680;1.1185;0.3064;103.6537;103.6716 
6.2540;0.6711;-0.5667;103.6957;103.6537 
6.3400;0.8948;0.3496;103.6957;103.6537 
6.4260;0.4474;-1.4135;103.6957;103.6537 
6.5140;0.6711;1.0220;103.6537;103.6957 
6.5990;0.6711;-1.2289;103.6957;103.6537 
6.6870;0.6711;-1.7241;103.6957;103.6537 
6.7740;1.1185;1.4940;103.6537;103.6957 
6.8590;0.6711;0.1437;103.6632;103.6603 
6.9460;1.1185;0.2551;103.6746;103.6537 
7.0320;0.8948;0.1797;103.6725;103.6537 
7.1190;0.4474;-0.1707;103.6757;103.6537 
7.2050;1.1185;0.1908;103.6755;103.6537 
7.2910;0.8948;-1.4024;103.6726;103.6537 
7.3780;0.0000;-2.3285;103.6537;103.6957 
7.4640;0.8948;1.0205;103.6537;103.6957 
7.5500;0.4474;0.0681;103.6537;103.6957 
7.6370;0.4474;1.7645;103.6537;103.6957 
7.7230;1.5660;-0.7325;103.6537;103.6867 
7.8110;0.4474;-3.6155;103.6537;103.6957 
7.9000;0.6711;-3.2266;103.6537;103.6957 
7.9880;0.4474;-18.6978;103.6537;103.6957 
8.0770;-3.3572;19.5833;103.6537;103.6957 
8.1670;-5.3763;-1.4500;103.6537;103.6957 
8.2570;-6.7259;-2.7555;103.6537;103.6957 
8.3460;-7.6277;0.8389;103.6537;103.6957 
8.4350;-8.5314;1.6362;103.6537;103.6957 
8.5240;-8.3053;4.5077;103.6537;103.6957 
8.6120;-9.6641;6.4351;103.6537;103.6957 
8.7010;-9.2106;2.1198;103.6957;103.6537 
8.7890;-8.9841;-2.6680;103.6957;103.6537 
8.8790;-8.3053;-4.6560;103.6957;103.6537 
8.9680;-8.5314;-0.6886;103.6676;103.6559 
9.0580;-8.0793;5.9592;103.6537;103.6957 
9.1470;-8.7577;3.8588;103.6957;103.6537 
9.2360;-8.5314;0.3346;103.6957;103.6537 
9.3250;-8.5314;-1.1227;103.6957;103.6537 
9.4140;-8.5314;3.0483;103.6957;103.6537 
9.5030;-9.4373;-1.1248;103.6957;103.6537 
9.5930;-9.6641;-2.0230;103.6957;103.6537 
9.6830;-8.3053;-0.2852;103.6957;103.6537 
9.7730;-9.2106;-1.7342;103.6957;103.6537 
9.8630;-9.4373;7.8724;103.6957;103.6537 
9.9520;-7.6277;-1.1008;103.6957;103.6537 
10.0410;-5.3763;27.4570;103.6957;103.6537 
10.1330;-2.0136;12.3871;103.6957;103.6537 
10.2260;-0.4474;13.3253;103.6957;103.6537 
10.3190;1.1185;-32.0078;103.6957;103.6537 
10.4110;0.4474;-2.7394;103.6957;103.6537 
10.5000;0.6711;1.6505;103.6957;103.6537 
10.5890;1.1185;0.3993;103.6957;103.6537 
10.6770;0.6711;0.4774;103.6957;103.6537 
10.7660;0.6711;-0.4604;103.6957;103.6537 
10.8550;2.0136;0.4987;103.6957;103.6537 
10.9430;0.4474;0.1894;103.6957;103.6537 
11.0310;0.6711;2.4060;103.6957;103.6537 
11.1200;0.6711;-1.1059;103.6957;103.6537 
11.2090;1.1185;0.5740;103.6957;103.6537 
11.2980;0.8948;1.9447;103.6957;103.6537 
11.3870;0.8948;0.6240;103.6957;103.6537 
11.4750;0.6711;-0.2907;103.6957;103.6537 
11.5640;0.4474;-1.3505;103.6957;103.6537 
11.6530;0.6711;-2.2454;103.6957;103.6537 
11.7420;0.8948;-0.4078;103.6957;103.6537 
11.8310;0.6711;0.0861;103.6957;103.6537 
11.9180;0.8948;0.3750;103.6957;103.6537 
12.0070;1.1185;0.5070;103.6957;103.6537 
12.0950;0.6711;-1.0513;103.6957;103.6537 
12.1850;0.6711;-0.0097;103.6957;103.6537 
12.2740;0.6711;0.2484;103.6957;103.6537 
12.3620;0.6711;-7.4113;103.6957;103.6537 
12.4510;1.1185;4.7369;103.6537;103.6957 
12.5410;-3.5813;-12.5177;103.6537;103.6957 
12.6340;-3.8054;30.9618;103.6537;103.6957 
12.7260;-6.0507;21.9668;103.6537;103.6957 
12.8190;-7.8535;11.4739;103.6957;103.6537 
12.9120;-7.8535;6.1847;103.6957;103.6537 
13.0030;-7.8535;3.1645;103.6957;103.6537 
13.0930;-8.7577;-0.6264;103.6957;103.6537 
13.1850;-8.7577;-1.5232;103.6957;103.6537 
13.2770;-9.2106;-1.4835;103.6957;103.6537 
13.3690;-8.3053;-1.4045;103.6957;103.6537 
13.4610;-8.0793;-0.4610;103.6957;103.6537 
13.5530;-8.9841;-7.5079;103.6957;103.6537 
13.6440;-8.9841;-2.1942;103.6957;103.6537 
13.7350;-8.7577;-1.6320;103.6957;103.6537 
13.8270;-8.5314;-1.5056;103.6957;103.6537 
13.9190;-8.3053;-3.4367;103.6957;103.6537 
14.0100;-8.5314;-0.6898;103.6957;103.6537 
14.1010;-8.3053;-1.0645;103.6957;103.6537 
14.1930;-8.5314;0.6340;103.6957;103.6537 
14.2840;-8.3053;0.9608;103.6957;103.6537 
14.3750;-9.2106;1.0002;103.6957;103.6537 
14.4660;-8.3053;-1.1670;103.6957;103.6537 
14.5580;-8.3053;0.9406;103.6957;103.6537 
14.6490;-8.9841;-1.3428;103.6957;103.6537 
14.7410;-8.3053;-2.8918;103.6957;103.6537 
14.8320;-8.0793;-0.1649;103.6957;103.6537 
14.9240;-8.3053;-0.9451;103.6957;103.6537 
15.0150;-9.2106;-1.6796;103.6957;103.6537 
15.1070;-8.5314;-0.2798;103.6957;103.6537 
15.1980;-6.2757;11.3649;103.6957;103.6537 
15.2890;-4.9271;15.4920;103.6957;103.6537 
15.3800;2.9091;-6.1978;103.6957;103.6537 
15.4700;1.1185;24.4184;103.6957;103.6537 
15.5610;0.6711;1.7109;103.6957;103.6537 
15.6500;1.7898;-1.1457;103.6957;103.6537 
15.7390;-2.2374;-15.5358;103.6957;103.6537 
15.8320;-6.5007;31.9083;103.6537;103.6957 
15.9250;-7.8535;9.1937;103.6957;103.6537 
16.0170;-11.2564;-0.7362;103.6957;103.6537 
16.1100;-18.1991;-21.5622;103.6957;103.6537 
16.2050;-21.0491;-10.2280;103.6957;103.6537 
16.3000;-23.4662;-2.7315;103.6957;103.6537 
16.3940;-28.6979;-6.9774;103.6957;103.6537 
16.4880;-28.9533;23.7055;103.6957;103.6537 
16.5830;-31.0194;13.1644;103.6957;103.6537 
16.6780;-30.4988;-4.5179;103.6957;103.6537 
16.7720;-30.4988;-0.7991;103.6957;103.6537 
16.8660;-30.4988;-2.2993;103.6957;103.6537 
16.9600;-32.0693;1.1528;103.6957;103.6537 
17.0540;-32.0693;-4.6497;103.6957;103.6537 
17.1480;-30.2395;-3.2858;103.6957;103.6537 
17.2420;-32.8646;-3.5066;103.6957;103.6537 
17.3360;-32.3336;-9.4356;103.6957;103.6537 
17.4300;-30.4988;-11.0623;103.6957;103.6537 
17.5240;-30.7587;-4.3731;103.6957;103.6537 
17.6180;-31.8057;-5.1199;103.6957;103.6537 
17.7120;-31.2808;-5.4948;103.6957;103.6537 
17.8060;-30.2395;-2.8076;103.6957;103.6537 
17.9000;-31.0194;-3.4708;103.6957;103.6537 
17.9940;-31.5428;-4.4535;103.6957;103.6537 
18.0880;-31.2808;-4.8849;103.6957;103.6537 
18.1820;-31.5428;-6.5522;103.6957;103.6537 
18.2760;-30.2395;-4.4340;103.6957;103.6537 
18.3700;-31.5428;-4.2411;103.6957;103.6537 
18.4640;-31.0194;-5.2366;103.6957;103.6537 
18.5580;-31.2808;-5.0127;103.6957;103.6537 
18.6520;-31.8057;-4.3842;103.6957;103.6537 
18.7460;-30.7587;-4.3728;103.6957;103.6537 
18.8400;-30.4988;-2.0558;103.6957;103.6537 
18.9340;-31.5428;-6.5327;103.6957;103.6537 
19.0280;-30.7587;-8.1812;103.6957;103.6537 
19.1220;-31.0194;-6.2398;103.6957;103.6537 
19.2160;-31.0194;-5.1639;103.6957;103.6537 
19.3100;-31.5428;-3.8209;103.6957;103.6537 
19.4040;-30.7587;-6.5043;103.6957;103.6537 
19.4980;-30.7587;-6.3868;103.6957;103.6537 
19.5920;-31.2808;-4.6445;103.6957;103.6537 
19.6860;-30.4988;-2.4670;103.6957;103.6537 
19.7800;-31.0194;-7.0872;103.6957;103.6537 
19.8740;-31.2808;-6.5883;103.6957;103.6537 
19.9680;-30.7587;-4.6188;103.6957;103.6537 
20.0620;-30.4988;-4.6094;103.6957;103.6537 
20.1560;-31.0194;-6.6001;103.6957;103.6537 
20.2500;-31.0194;-4.8296;103.6957;103.6537 
20.3440;-30.7587;-3.7365;103.6957;103.6537 
20.4380;-30.4988;-6.1262;103.6957;103.6537 
20.5320;-31.2808;-8.1585;103.6957;103.6537 
20.6260;-31.0194;-4.9643;103.6957;103.6537 
20.7200;-30.7587;-3.1432;103.6957;103.6537 
20.8140;-30.4988;-5.8143;103.6957;103.6537 
20.9080;-30.4988;-4.3152;103.6957;103.6537 
21.0020;-30.4988;-3.8010;103.6957;103.6537 
21.0960;-31.0194;-4.2971;103.6957;103.6537 
21.1900;-30.4988;-5.8519;103.6957;103.6537 
21.2840;-31.0194;-3.7321;103.6957;103.6537 
21.3780;-31.2808;-2.0112;103.6957;103.6537 
21.4720;-33.1313;-4.2299;103.6957;103.6537 
21.5660;-31.8057;-5.1638;103.6957;103.6537 
21.6600;-32.0693;-5.5859;103.6957;103.6537 
21.7540;-33.9364;-4.0969;103.6957;103.6537 
21.8480;-32.8646;-6.6952;103.6957;103.6537 
21.9420;-34.2064;-8.6858;103.6957;103.6537 
22.0360;-33.9364;-5.6559;103.6957;103.6537 
22.1300;-33.9364;-6.2695;103.6957;103.6537 
22.2240;-33.1313;-5.5843;103.6957;103.6537 
22.3180;-34.2064;-5.2825;103.6957;103.6537 
22.4120;-33.9364;-3.8541;103.6957;103.6537 
22.5060;-33.6672;-5.1566;103.6957;103.6537 
22.6000;-34.2064;-4.6020;103.6957;103.6537 
22.6940;-33.6672;-4.7712;103.6957;103.6537 
22.7880;-33.6672;-4.2980;103.6957;103.6537 
22.8820;-34.7491;-7.4512;103.6957;103.6537 
22.9760;-34.7491;-3.3141;103.6957;103.6537 
23.0700;-34.2064;-0.4440;103.6957;103.6537 
23.1640;-34.4773;-7.9408;103.6957;103.6537 
23.2580;-35.2954;-3.7994;103.6957;103.6537 
23.3520;-36.6776;-3.6472;103.6957;103.6537 
23.4460;-37.2375;-5.8969;103.6957;103.6537 
23.5400;-36.6776;-3.3613;103.6957;103.6537 
23.6340;-36.3992;-4.8062;103.6957;103.6537 
23.7280;-36.9570;-4.5505;103.6957;103.6537 
23.8220;-36.1218;-1.8654;103.6957;103.6537 
23.9160;-35.2954;-4.7816;103.6957;103.6537 
24.0100;-36.1218;-5.9077;103.6957;103.6537 
24.1040;-36.9570;-4.7604;103.6957;103.6537 
24.1980;-38.0852;-3.2029;103.6957;103.6537 
24.2920;-36.1218;-4.9443;103.6957;103.6537 
24.3860;-35.8454;-2.7233;103.6957;103.6537 
24.4800;-37.2375;-4.4496;103.6957;103.6537 
24.5740;-37.5190;-5.4978;103.6957;103.6537 
24.6680;-35.8454;-4.6860;103.6957;103.6537 
24.7620;-36.9570;-4.2047;103.6957;103.6537 
24.8560;-37.8015;-3.9860;103.6957;103.6537 
24.9500;-36.3992;0.2069;103.6957;103.6537 
25.0420;-37.2375;-11.0500;103.6957;103.6537 
25.1370;-32.5987;-8.3132;103.6957;103.6537 
25.2310;-32.3336;-6.0886;103.6957;103.6537 
25.3250;-32.5987;-11.3350;103.6957;103.6537 
25.4190;-29.2092;-9.3202;103.6957;103.6537 
25.5130;-29.2092;-11.0554;103.6957;103.6537 
25.6070;-29.4658;-6.5293;103.6957;103.6537 
25.7010;-27.4305;-8.0243;103.6957;103.6537 
25.7950;-28.9533;-1.8235;103.6957;103.6537 
25.8890;-27.4305;-2.7838;103.6957;103.6537 
25.9830;-29.4658;-1.0326;103.6957;103.6537 
26.0770;-28.6979;-3.7591;103.6957;103.6537 
26.1710;-28.6979;-2.2069;103.6957;103.6537 
26.2650;-27.4305;-4.9977;103.6957;103.6537 
26.3590;-27.4305;-3.6531;103.6957;103.6537 
26.4530;-29.2092;-3.3351;103.6957;103.6537 
26.5470;-29.2092;-4.2978;103.6957;103.6537 
26.6410;-28.6979;-1.6890;103.6957;103.6537 
26.7350;-29.2092;-4.8372;103.6957;103.6537 
26.8290;-28.1892;-2.0368;103.6957;103.6537 
26.9230;-28.4432;-2.2947;103.6957;103.6537 
27.0170;-29.9809;-4.9509;103.6957;103.6537 
27.1110;-28.6979;-4.3731;103.6957;103.6537 
27.2050;-29.2092;-6.3306;103.6957;103.6537 
27.2990;-29.7230;-7.2020;103.6957;103.6537 
27.3930;-30.4988;-12.4596;103.6957;103.6537 
27.4880;-29.7230;-0.7359;103.6957;103.6537 
27.5830;-31.5428;4.0056;103.6957;103.6537 
27.6760;-32.3336;-2.5395;103.6957;103.6537 
27.7700;-31.2808;-4.5175;103.6957;103.6537 
27.8640;-32.8646;-2.5319;103.6957;103.6537 
27.9580;-31.5428;-6.9404;103.6957;103.6537 
28.0520;-30.7587;-1.6590;103.6957;103.6537 
28.1460;-32.0693;-3.8602;103.6957;103.6537 
28.2400;-31.5428;-4.3460;103.6957;103.6537 
28.3340;-31.8057;-2.2625;103.6957;103.6537 
28.4280;-33.1313;-4.4977;103.6957;103.6537 
28.5220;-32.0693;-5.1843;103.6957;103.6537 
28.6160;-33.1313;-4.9443;103.6957;103.6537 
28.7100;-32.8646;-4.9618;103.6957;103.6537 
28.8040;-32.8646;-6.1112;103.6957;103.6537 
28.8980;-32.5987;-7.3885;103.6957;103.6537 
28.9920;-32.3336;-5.5618;103.6957;103.6537 
29.0860;-32.8646;-6.3163;103.6957;103.6537 
29.1800;-31.5428;-5.3277;103.6957;103.6537 
29.2740;-33.3988;-3.8953;103.6957;103.6537 
29.3680;-31.8057;-6.1519;103.6957;103.6537 
29.4620;-32.0693;-3.2193;103.6957;103.6537 
29.5560;-33.3988;-4.5222;103.6957;103.6537 
29.6500;-32.5987;-6.5724;103.6957;103.6537 
29.7440;-32.3336;-8.6927;103.6957;103.6537 
29.8380;-31.8057;-6.9493;103.6957;103.6537 
29.9320;-32.0693;-2.9216;103.6957;103.6537 
30.0260;-32.0693;-4.5544;103.6957;103.6537 
30.1200;-32.0693;-1.8160;103.6957;103.6537 
30.2140;-30.7587;-2.3781;103.6957;103.6537 
30.3080;-30.4988;2.3875;103.6957;103.6537 
30.4010;-30.4988;2.8212;103.6957;103.6537 
30.4940;-29.7230;-2.4543;103.6957;103.6537 
30.5880;-27.4305;-10.4614;103.6957;103.6537 
30.6820;-25.1846;0.4844;103.6957;103.6537 
30.7750;-25.4320;-10.9375;103.6957;103.6537 
30.8700;-21.2890;8.3211;103.6957;103.6537 
30.9630;-18.4347;3.6275;103.6957;103.6537 
31.0570;-19.3805;13.9422;103.6957;103.6537 
31.1520;-14.9315;35.3941;103.6957;103.6537 
31.2470;-14.9315;-0.5861;103.6957;103.6537 
31.3420;-14.0074;10.9422;103.6957;103.6537 
31.4360;-14.4690;7.4590;103.6957;103.6537 
31.5300;-14.4690;6.4627;103.6957;103.6537 
31.6240;-13.0871;-3.9840;103.6957;103.6537 
31.7180;-14.0074;-0.6026;103.6957;103.6537 
31.8120;-12.8576;-2.0224;103.6957;103.6537 
31.9060;-11.9414;14.2552;103.6957;103.6537 
32.0000;-10.3455;-4.5561;103.6957;103.6537 
32.0940;-8.7577;-9.5938;103.6957;103.6537 
32.1870;-6.9512;7.5665;103.6957;103.6537 
32.2780;-7.1766;5.4509;103.6957;103.6537 
32.3700;-4.4782;8.6612;103.6957;103.6537 
32.4610;-2.2374;-0.9060;103.6957;103.6537 
32.5530;-1.3422;-7.9683;103.6957;103.6537 
32.6440;-1.5660;-2.4412;103.6957;103.6537 
32.7350;0.0000;0.8420;103.6957;103.6537 
32.8230;0.2237;3.4060;103.6957;103.6537 
32.9120;0.0000;-5.1886;103.6957;103.6537 
33.0020;0.6711;-12.2773;103.6957;103.6537 
33.0930;1.1185;-2.6673;103.6957;103.6537 
33.1820;-0.4474;-3.1997;103.6957;103.6537 
33.2710;2.0136;-3.0590;103.6957;103.6537 
33.3600;0.4474;-2.0067;103.6957;103.6537 
33.4490;0.8948;-0.5776;103.6957;103.6537 
33.5380;0.6711;-0.0887;103.6957;103.6537 
33.6270;0.6711;-0.0761;103.6957;103.6537 
33.7150;0.4474;-0.2294;103.6957;103.6537 
33.8040;0.0000;-2.0049;103.6957;103.6537 
33.8930;1.1185;1.5230;103.6957;103.6537 
33.9810;0.8948;0.6179;103.6957;103.6537 
34.0700;0.6711;0.0257;103.6957;103.6537 
34.1580;0.6711;-0.3822;103.6957;103.6537 
34.2470;0.6711;0.4926;103.6957;103.6537 
34.3360;0.8948;-1.8804;103.6957;103.6537 
34.4250;0.2237;-2.5366;103.6957;103.6537 
34.5130;0.6711;1.0388;103.6957;103.6537 
34.6010;0.8948;0.1862;103.6957;103.6537 
34.6900;1.1185;0.1350;103.6957;103.6537 
34.7780;0.8948;0.7651;103.6957;103.6537 
34.8670;0.6711;-0.0817;103.6957;103.6537 
34.9550;1.3422;-0.0874;103.6957;103.6537 
35.0440;0.2237;0.1560;103.6957;103.6537 
35.1330;1.1185;0.2249;103.6957;103.6537 
35.2210;1.3422;0.1689;103.6957;103.6537 
35.3080;0.4474;-1.5208;103.6957;103.6537 
35.3980;0.6711;-0.6857;103.6957;103.6537 
35.4870;1.3422;-1.0871;103.6957;103.6537 
35.5760;0.2237;-0.5364;103.6957;103.6537 
35.6650;0.6711;-0.4673;103.6957;103.6537 
35.7530;1.3422;-1.3832;103.6957;103.6537 
35.8420;0.4474;-0.2518;103.6957;103.6537 
35.9310;0.6711;-0.4058;103.6957;103.6537 
36.0200;1.3422;-1.2189;103.6957;103.6537 
36.1090;0.4474;-0.2360;103.6957;103.6537 
36.1970;0.6711;1.6100;103.6957;103.6537 
36.2850;1.3422;-1.0261;103.6957;103.6537 
36.3750;0.6711;-0.3430;103.6957;103.6537 
36.4640;0.8948;0.0541;103.6957;103.6537 
36.5510;1.5660;-0.8276;103.6957;103.6537 
36.6400;0.2237;-0.6359;103.6957;103.6537 
36.7290;0.8948;-0.0054;103.6957;103.6537 
36.8180;1.3422;-1.3048;103.6957;103.6537 
36.9070;0.4474;-0.0858;103.6957;103.6537 
36.9960;0.8948;-0.0770;103.6957;103.6537 
37.0840;0.8948;-1.6208;103.6957;103.6537 
37.1730;0.4474;-0.3429;103.6957;103.6537 
37.2620;1.1185;0.2114;103.6957;103.6537 
37.3500;1.1185;0.0131;103.6957;103.6537 
37.4370;0.4474;0.1274;103.6957;103.6537 
37.5260;0.8948;-0.0566;103.6957;103.6537 
37.6150;0.8948;0.1157;103.6957;103.6537 
37.7030;0.6711;1.8335;103.6957;103.6537 
37.7910;0.6711;0.4246;103.6957;103.6537 
37.8800;0.8948;-0.0310;103.6957;103.6537 
37.9690;0.4474;-1.7669;103.6957;103.6537 
38.0580;0.4474;-1.0222;103.6957;103.6537 
38.1470;1.3422;-0.2115;103.6957;103.6537 
38.2350;0.8948;0.2907;103.6957;103.6537 
38.3240;0.6711;2.0458;103.6957;103.6537 
38.4130;0.8948;-1.4520;103.6957;103.6537 
38.5030;0.4474;-0.4853;103.6957;103.6537 
38.5920;0.6711;1.4277;103.6957;103.6537 
38.6790;0.8948;-0.0936;103.6957;103.6537 
38.7680;0.6711;1.8136;103.6957;103.6537 
38.8570;1.1185;0.5733;103.6957;103.6537 
38.9460;1.1185;-1.0528;103.6957;103.6537 
39.0350;0.6711;-0.5383;103.6957;103.6537 
39.1240;0.8948;0.1939;103.6957;103.6537 
39.2120;1.1185;-1.2819;103.6957;103.6537 
39.3010;0.8948;1.7672;103.6957;103.6537 
39.3890;0.8948;2.3045;103.6957;103.6537 
39.4770;1.1185;0.7759;103.6957;103.6537 
39.5660;0.4474;-0.2380;103.6957;103.6537 
39.6560;0.4474;1.2969;103.6957;103.6537 
39.7440;1.1185;0.1727;103.6957;103.6537 
39.8320;1.1185;0.3264;103.6957;103.6537 
39.9190;0.6711;0.0320;103.6957;103.6537 
40.0080;1.1185;0.2445;103.6957;103.6537 
40.0960;0.8948;-0.9219;103.6957;103.6537 
40.1860;0.8948;-0.0885;103.6957;103.6537 
40.2740;1.1185;0.1087;103.6957;103.6537 
40.3620;0.8948;-1.2518;103.6957;103.6537 
40.4510;0.6711;-0.2746;103.6957;103.6537 
40.5400;1.1185;-0.1018;103.6957;103.6537 
40.6290;0.8948;2.0015;103.6957;103.6537 
40.7170;1.1185;2.3230;103.6957;103.6537 
40.8060;0.8948;0.9744;103.6957;103.6537 
40.8950;0.8948;0.0558;103.6957;103.6537 
40.9830;0.4474;-0.6210;103.6957;103.6537 
41.0710;1.1185;-0.0107;103.6957;103.6537 
41.1600;1.1185;-0.7918;103.6957;103.6537 
41.2500;0.6711;1.3426;103.6957;103.6537 
41.3380;1.1185;0.3698;103.6957;103.6537 
41.4270;0.6711;1.8921;103.6957;103.6537 
41.5150;0.6711;-1.3042;103.6957;103.6537 
41.6050;0.8948;-0.3178;103.6957;103.6537 
41.6940;0.6711;0.3746;103.6957;103.6537 
41.7830;0.8948;0.0013;103.6957;103.6537 
41.8710;0.8948;1.6602;103.6957;103.6537 
41.9590;0.4474;-1.4467;103.6957;103.6537 
42.0490;0.8948;-1.7832;103.6957;103.6537 
42.1380;0.6711;-0.6423;103.6957;103.6537 
42.2270;0.6711;-1.7051;103.6957;103.6537 
42.3150;0.8948;-0.1976;103.6957;103.6537 
42.4040;1.1185;-1.1608;103.6957;103.6537 
42.4930;0.8948;-1.8116;103.6957;103.6537 
42.5820;0.8948;1.5239;103.6957;103.6537 
42.6700;0.4474;-1.6182;103.6957;103.6537 
42.7600;0.8948;-0.3820;103.6957;103.6537 
42.8480;0.8948;-1.3330;103.6957;103.6537 
42.9370;0.8948;-0.7617;103.6957;103.6537 
43.0260;0.8948;0.6451;103.6957;103.6537 
43.1150;0.4474;-0.2477;103.6957;103.6537 
43.2030;1.3422;0.4965;103.6957;103.6537 
43.2910;0.6711;0.3624;103.6957;103.6537 
43.3800;0.8948;1.8560;103.6957;103.6537 
43.4690;0.8948;0.6156;103.6957;103.6537 
43.5570;0.6711;1.7229;103.6957;103.6537 
43.6460;0.8948;0.5686;103.6957;103.6537 
43.7350;0.6711;0.0210;103.6957;103.6537 
43.8240;1.1185;1.9408;103.6957;103.6537 
43.9130;0.8948;0.9378;103.6957;103.6537 
44.0010;1.1185;-1.3321;103.6957;103.6537 
44.0900;0.4474;-0.2811;103.6957;103.6537 
44.1790;0.6711;-0.4087;103.6957;103.6537 
44.2680;1.1185;-1.2152;103.6957;103.6537 
44.3570;0.8948;-0.2779;103.6957;103.6537 
44.4460;0.8948;-0.3438;103.6957;103.6537 
44.5340;0.6711;0.0922;103.6957;103.6537 
44.6220;0.8948;1.6346;103.6957;103.6537 
44.7110;1.1185;0.9074;103.6957;103.6537 
44.8000;1.1185;0.2382;103.6957;103.6537 
44.8880;0.6711;0.4620;103.6957;103.6537 
44.9770;0.8948;0.2895;103.6957;103.6537 
45.0660;0.8948;-0.2896;103.6957;103.6537 
45.1550;0.8948;0.5318;103.6957;103.6537 
45.2430;0.6711;1.5935;103.6957;103.6537 
45.3320;0.6711;0.2061;103.6957;103.6537 
45.4210;1.1185;1.5202;103.6957;103.6537 
45.5090;0.6711;2.3191;103.6957;103.6537 
45.5980;0.8948;0.4671;103.6957;103.6537 
45.6860;1.1185;0.3203;103.6957;103.6537 
45.7740;0.8948;0.7828;103.6957;103.6537 
45.8630;0.8948;1.9305;103.6957;103.6537 
45.9520;1.1185;0.1433;103.6957;103.6537 
46.0400;0.4474;0.0185;103.6957;103.6537 
46.1290;0.8948;-1.2047;103.6957;103.6537 
46.2180;0.8948;-0.4325;103.6957;103.6537 
46.3070;0.6711;0.2051;103.6957;103.6537 
46.3960;1.1185;-0.3358;103.6957;103.6537 
46.4850;1.1185;-0.0392;103.6957;103.6537 
46.5730;0.6711;0.1555;103.6957;103.6537 
46.6620;0.8948;1.9577;103.6957;103.6537 
46.7510;1.3422;-0.9586;103.6957;103.6537 
46.8410;0.8948;-0.3405;103.6957;103.6537 
46.9290;1.1185;2.0990;103.6957;103.6537 
47.0180;0.4474;0.8024;103.6957;103.6537 
47.1070;0.8948;-0.3090;103.6957;103.6537 
47.1960;1.3422;-1.0169;103.6957;103.6537 
47.2850;0.6711;-0.6591;103.6957;103.6537 
47.3730;0.8948;0.0238;103.6957;103.6537 
47.4610;0.8948;0.2819;103.6957;103.6537 
47.5490;0.8948;-1.4280;103.6957;103.6537 
47.6380;0.8948;1.5606;103.6957;103.6537 
47.7250;1.1185;0.1079;103.6957;103.6537 
47.8130;0.8948;2.0216;103.6957;103.6537 
47.9020;0.8948;0.4729;103.6957;103.6537 
47.9910;0.8948;-0.1507;103.6957;103.6537 
48.0790;0.4474;0.0776;103.6957;103.6537 
48.1680;0.8948;-0.2198;103.6957;103.6537 
48.2570;0.8948;1.7975;103.6957;103.6537 
48.3460;0.6711;0.4554;103.6957;103.6537 
48.4350;0.6711;-1.2832;103.6957;103.6537 
48.5250;0.8948;-1.7333;103.6957;103.6537 
48.6130;0.8948;-1.7421;103.6957;103.6537 
48.7020;1.3422;-0.1748;103.6957;103.6537 
48.7910;1.1185;0.4859;103.6957;103.6537 
48.8800;1.1185;2.2123;103.6957;103.6537 
48.9680;0.6711;1.7513;103.6957;103.6537 
49.0570;1.3422;2.2609;103.6957;103.6537 
49.1460;0.6711;1.9487;103.6957;103.6537 
49.2350;1.3422;2.7552;103.6957;103.6537 
49.3240;0.6711;-1.1190;103.6957;103.6537 
49.4140;0.6711;-2.0306;103.6957;103.6537 
49.5020;0.6711;-0.1034;103.6957;103.6537 
49.5910;1.1185;-0.2069;103.6957;103.6537 
49.6800;0.8948;0.5739;103.6957;103.6537 
49.7690;0.4474;-1.6720;103.6957;103.6537 
49.8570;0.4474;-0.5377;103.6957;103.6537 
49.9460;0.6711;-0.3118;103.6957;103.6537 
50.0350;0.6711;2.0754;103.6957;103.6537 
50.1240;0.8948;0.1269;103.6957;103.6537 
50.2130;0.6711;0.2586;103.6957;103.6537 
50.3010;0.8948;1.6876;103.6957;103.6537 
50.3890;1.1185;2.6099;103.6957;103.6537 
50.4780;1.1185;1.9399;103.6957;103.6537 
50.5670;0.8948;0.4993;103.6957;103.6537 
50.6560;1.3422;0.6364;103.6957;103.6537 
50.7440;1.1185;0.8433;103.6957;103.6537 
50.8330;1.1185;1.9665;103.6957;103.6537 
50.9220;1.1185;2.5123;103.6957;103.6537 
51.0110;0.8948;-1.3389;103.6957;103.6537 
51.1000;0.2237;-0.1536;103.6957;103.6537 
51.1890;0.8948;-2.0107;103.6957;103.6537 
51.2780;0.8948;-2.4026;103.6957;103.6537 
51.3670;0.0000;0.8493;103.6957;103.6537 
51.4550;0.8948;0.2239;103.6957;103.6537 
51.5420;0.8948;0.5809;103.6957;103.6537 
51.6310;0.4474;-0.5708;103.6957;103.6537 
51.7200;1.5660;1.0585;103.6957;103.6537 
51.8090;1.1185;0.1626;103.6957;103.6537 
51.8980;-0.2237;1.6082;103.6957;103.6537 
51.9880;1.7898;-0.9754;103.6957;103.6537 
52.0770;0.8948;0.4447;103.6957;103.6537 
52.1660;0.0000;1.9139;103.6957;103.6537 
52.2560;1.5660;0.4724;103.6957;103.6537 
52.3440;0.2237;-0.2317;103.6957;103.6537 
52.4330;-0.2237;1.2751;103.6957;103.6537 
52.5230;1.3422;0.2225;103.6957;103.6537 
52.6110;0.2237;-0.6069;103.6957;103.6537 
52.7010;0.6711;-0.1571;103.6957;103.6537 
52.7900;2.0136;-0.8899;103.6957;103.6537 
52.8780;0.8948;0.2072;103.6957;103.6537 
52.9670;0.2237;-0.3226;103.6957;103.6537 
53.0560;2.9091;1.7329;103.6957;103.6537 
53.1450;0.8948;-0.9810;103.6957;103.6537 
53.2350;0.6711;1.6073;103.6957;103.6537 
53.3220;1.3422;0.3912;103.6957;103.6537 
53.4110;0.8948;0.8238;103.6957;103.6537 
53.5000;0.6711;1.7799;103.6957;103.6537 
53.5890;1.5660;0.5622;103.6957;103.6537 
53.6770;2.0136;1.1718;103.6957;103.6537 
53.7660;0.0000;0.5786;103.6957;103.6537 
53.8560;0.8948;0.0854;103.6957;103.6537 
53.9450;1.3422;0.4383;103.6957;103.6537 
54.0330;0.2237;0.2434;103.6957;103.6537 
54.1210;1.5660;0.3839;103.6957;103.6537 
15.7140;0.4474;-1.0802;103.6957;103.6537 
15.8020;0.8948;-0.0507;103.6957;103.6537 
15.8900;0.6711;1.5006;103.6537;103.6957 
15.9790;-0.4474;-0.5382;103.6957;103.6537 
16.0700;0.8948;2.9879;103.6772;103.6537 
16.1600;-0.2237;-19.8379;103.6537;103.6957 
16.2520;-2.0136;-26.7208;103.6537;103.6957 
16.3440;-3.3572;-2.0399;103.6537;103.6957 
16.4340;-8.9841;13.2050;103.6537;103.6957 
16.5260;-11.0284;9.4523;103.6537;103.6957 
16.6180;-11.0284;-5.0748;103.6537;103.6957 
16.7110;-11.0284;-1.9796;103.6537;103.6957 
16.8040;-11.4846;-0.7409;103.6537;103.6957 
16.8980;-11.2564;-1.0293;103.6537;103.6957 
16.9920;-11.9414;-0.7449;103.6537;103.6957 
17.0850;-11.9414;-5.2372;103.6537;103.6957 
17.1780;-11.4846;-5.9986;103.6537;103.6957 
17.2710;-11.9414;-3.6994;103.6537;103.6957 
17.3650;-12.6282;3.0581;103.6537;103.6957 
17.4580;-12.3991;-5.0184;103.6537;103.6957 
17.5520;-11.9414;-0.5867;103.6537;103.6957 
17.6460;-11.9414;-1.6723;103.6537;103.6957 
17.7400;-12.1702;-0.0783;103.6537;103.6957 
17.8340;-12.3991;-0.2809;103.6537;103.6957 
17.9280;-12.1702;-3.2886;103.6537;103.6957 
18.0220;-11.7129;-3.8257;103.6537;103.6957 
18.1150;-11.2564;-3.6535;103.6537;103.6957 
18.2080;-11.2564;1.6094;103.6537;103.6957 
18.3010;-11.4846;-3.0597;103.6537;103.6957 
18.3950;-11.2564;3.3251;103.6537;103.6957 
18.4880;-10.5730;-0.0182;103.6537;103.6957 
18.5820;-9.4373;3.1071;103.6537;103.6825 
18.6730;-9.8911;19.6914;103.6957;103.6537 
18.7650;-2.9091;11.4338;103.6957;103.6537 
18.8570;0.2237;10.6912;103.6957;103.6537 
18.9480;0.0000;33.6803;103.6957;103.6537 
19.0390;-0.2237;6.7701;103.6957;103.6537 
19.1300;0.2237;2.4471;103.6957;103.6537 
19.2190;0.8948;-0.2230;103.6957;103.6537 
19.3080;4.0296;0.5678;103.6957;103.6537 
19.3960;0.8948;0.3752;103.6957;103.6537 
19.4840;0.6711;0.1609;103.6957;103.6537 
19.5730;1.1185;0.6952;103.6957;103.6537 
19.6620;0.6711;-0.2126;103.6957;103.6537 
19.7510;1.1185;0.9764;103.6957;103.6537 
19.8400;0.8948;0.1273;103.6957;103.6537 
19.9270;0.6711;-0.1797;103.6957;103.6537 
20.0160;1.1185;0.2242;103.6957;103.6537 
20.1040;0.6711;0.1807;103.6957;103.6537 
20.1930;0.6711;0.1081;103.6957;103.6537 
20.2800;0.4474;-1.4709;103.6957;103.6537 
20.3690;0.8948;-0.5264;103.6957;103.6537 
20.4580;0.4474;-0.2383;103.6957;103.6537 
20.5470;0.8948;-1.0707;103.6957;103.6537 
20.6360;0.6711;1.4402;103.6957;103.6537 
20.7230;0.6711;0.0701;103.6957;103.6537 
20.8120;0.8948;-1.1655;103.6957;103.6537 
20.9010;0.8948;-1.6878;103.6957;103.6537 
20.9900;0.8948;-0.4787;103.6957;103.6537 
21.0790;1.3422;0.7013;103.6957;103.6537 
21.1660;1.1185;0.4112;103.6957;103.6537 
21.2550;0.6711;1.8960;103.6957;103.6537 
21.3440;1.1185;0.4227;103.6957;103.6537 
21.4330;0.6711;2.0556;103.6957;103.6537 
21.5210;1.1185;0.5965;103.6957;103.6537 
21.6100;1.3422;0.6799;103.6957;103.6537 
21.6990;1.1185;0.8475;103.6957;103.6537 
21.7880;0.4474;-4.1390;103.6957;103.6537 
21.8790;-0.2237;-66.0779;103.6537;103.6957 
21.9720;-8.5314;4.2699;103.6537;103.6957 
22.0630;-12.8576;11.1561;103.6537;103.6957 
22.1560;-14.9315;7.2582;103.6537;103.6957 
22.2490;-15.1631;-0.6388;103.6537;103.6957 
22.3430;-15.6271;1.6066;103.6957;103.6537 
22.4360;-16.7919;-0.7961;103.6957;103.6537 
22.5300;-16.3252;-1.5926;103.6957;103.6537 
22.6230;-16.3252;-9.9955;103.6957;103.6537 
22.7170;-16.5584;-7.7334;103.6957;103.6537 
22.8100;-17.7288;-6.1908;103.6957;103.6537 
22.9030;-16.0922;-5.3008;103.6957;103.6537 
22.9960;-17.4941;-5.4519;103.6957;103.6537 
23.0890;-17.0257;-4.2705;103.6957;103.6537 
23.1820;-17.2597;1.0527;103.6957;103.6537 
23.2750;-17.0257;-2.0737;103.6957;103.6537 
23.3690;-17.0257;-2.9411;103.6957;103.6537 
23.4630;-17.0257;-3.6713;103.6957;103.6537 
23.5570;-16.7919;-4.0180;103.6957;103.6537 
23.6510;-17.2597;-4.8361;103.6957;103.6537 
23.7450;-17.4941;0.1471;103.6957;103.6537 
23.8380;-17.2597;0.9155;103.6957;103.6537 
23.9310;-16.5584;0.9686;103.6957;103.6537 
24.0240;-17.2597;-2.0757;103.6957;103.6537 
24.1180;-16.7919;-1.6070;103.6957;103.6537 
24.2120;-17.4941;-2.9115;103.6957;103.6537 
24.3060;-17.4941;-2.8123;103.6957;103.6537 
24.4000;-17.2597;-1.7202;103.6957;103.6537 
24.4940;-17.4941;-7.0808;103.6957;103.6537 
24.5880;-17.2597;-0.3202;103.6957;103.6537 
24.6810;-17.2597;0.9067;103.6957;103.6537 
24.7740;-17.2597;-0.1209;103.6957;103.6537 
24.8680;-17.2597;-1.7432;103.6957;103.6537 
24.9620;-17.2597;-3.2726;103.6957;103.6537 
25.0560;-17.2597;-0.7932;103.6957;103.6537 
25.1500;-17.7288;-2.5699;103.6957;103.6537 
25.2440;-17.2597;2.8080;103.6957;103.6537 
25.3370;-16.3252;-0.7110;103.6957;103.6537 
25.4310;-17.4941;-3.0850;103.6957;103.6537 
25.5250;-17.4941;-5.1231;103.6957;103.6537 
25.6180;-17.2597;-1.1718;103.6957;103.6537 
25.7120;-17.2597;-3.3669;103.6957;103.6537 
25.8060;-17.2597;-1.5720;103.6957;103.6537 
25.9000;-17.4941;0.7911;103.6957;103.6537 
25.9930;-17.0257;-3.1137;103.6957;103.6537 
26.0870;-17.7288;-3.8573;103.6957;103.6537 
26.1810;-17.0257;-2.7809;103.6957;103.6537 
26.2750;-16.7919;-2.1361;103.6957;103.6537 
26.3690;-17.0257;-4.1629;103.6957;103.6537 
26.4630;-17.0257;-2.5367;103.6957;103.6537 
26.5570;-17.0257;-6.6971;103.6957;103.6537 
26.6500;-17.2597;-6.5456;103.6957;103.6537 
26.7430;-16.7919;-2.6389;103.6957;103.6537 
26.8370;-17.0257;-0.0170;103.6957;103.6537 
26.9310;-17.2597;-1.7566;103.6957;103.6537 
27.0250;-17.0257;-4.3641;103.6957;103.6537 
27.1190;-16.7919;-2.3944;103.6957;103.6537 
27.2130;-16.3252;-2.0137;103.6957;103.6537 
27.3070;-16.7919;-1.6241;103.6957;103.6537 
27.4010;-18.9069;-12.6034;103.6957;103.6537 
27.4960;-18.1991;4.0207;103.6537;103.6957 
27.5890;-21.7699;-11.0363;103.6537;103.6957 
27.6850;-21.7699;-9.8115;103.6537;103.6957 
27.7780;-24.6912;7.4456;103.6537;103.6957 
27.8710;-25.6800;2.5461;103.6537;103.6957 
27.9640;-26.4269;-4.1717;103.6957;103.6537 
28.0580;-25.9284;-4.7013;103.6957;103.6537 
28.1520;-27.6828;-15.2694;103.6957;103.6537 
28.2470;-28.1892;-10.2420;103.6537;103.6957 
28.3410;-29.7230;-4.2569;103.6537;103.6957 
28.4350;-29.4658;-0.1022;103.6537;103.6957 
28.5290;-31.0194;-7.3653;103.6537;103.6957 
28.6230;-31.2808;-2.1875;103.6537;103.6957 
28.7170;-31.8057;-7.8257;103.6537;103.6957 
28.8110;-32.3336;-0.1862;103.6537;103.6957 
28.9050;-30.7587;-3.5113;103.6957;103.6537 
28.9990;-32.3336;-2.2110;103.6957;103.6537 
29.0930;-31.2808;-7.0470;103.6957;103.6537 
29.1870;-32.0693;-2.9574;103.6957;103.6537 
29.2800;-29.7230;-7.1339;103.6957;103.6537 
29.3740;-29.4658;-15.6114;103.6957;103.6537 
29.4690;-29.2092;-8.7311;103.6957;103.6537 
29.5620;-28.6979;-5.0549;103.6957;103.6537 
29.6560;-28.1892;-7.7279;103.6957;103.6537 
29.7500;-26.1774;-2.0036;103.6957;103.6537 
29.8430;-26.4269;-4.5940;103.6957;103.6537 
29.9360;-25.6800;-9.7110;103.6957;103.6537 
30.0300;-24.4453;-1.5912;103.6957;103.6537 
30.1240;-25.6800;-7.8422;103.6957;103.6537 
30.2180;-22.4943;-7.7436;103.6957;103.6537 
30.3100;-23.2226;-7.6563;103.6957;103.6537 
30.4030;-21.2890;-2.2478;103.6957;103.6537 
30.4980;-20.0934;-1.6620;103.6957;103.6537 
30.5920;-20.3318;0.1968;103.6957;103.6537 
30.6850;-19.6178;-0.2466;103.6957;103.6537 
30.7780;-17.4941;-3.7387;103.6957;103.6537 
30.8720;-17.7288;-6.9352;103.6957;103.6537 
30.9650;-14.9315;-1.7311;103.6957;103.6537 
31.0590;-16.0922;-9.0350;103.6957;103.6537 
31.1530;-20.3318;-12.8065;103.6957;103.6537 
31.2480;-13.3169;-5.2510;103.6957;103.6537 
31.3410;-13.0871;2.8710;103.6537;103.6957 
31.4340;-10.3455;7.6579;103.6537;103.6957 
31.5270;-11.4846;-1.8067;103.6957;103.6537 
31.6210;-8.7577;-6.7002;103.6957;103.6537 
31.7140;-8.5314;0.6530;103.6957;103.6537 
31.8040;-9.6641;-3.8709;103.6957;103.6537 
31.8950;-6.2757;-7.4294;103.6957;103.6537 
31.9870;-2.0136;0.4529;103.6957;103.6537 
32.0770;-6.9512;-9.6013;103.6957;103.6537 
32.1680;-4.4782;-2.0998;103.6537;103.6957 
32.2580;-3.5813;6.8515;103.6537;103.6957 
32.3480;-1.5660;8.4654;103.6537;103.6957 
32.4390;-0.8948;3.9524;103.6957;103.6537 
32.5300;0.0000;8.8969;103.6537;103.6957 
32.6210;-0.8948;0.8667;103.6537;103.6957 
32.7120;-0.6711;1.6836;103.6537;103.6957 
32.8010;0.0000;1.2612;103.6537;103.6957 
32.8900;-0.2237;2.0175;103.6537;103.6957 
32.9810;0.2237;-5.8513;103.6957;103.6537 
33.0700;0.6711;-2.8969;103.6537;103.6858 
33.1590;4.2539;2.4471;103.6537;103.6957 
33.2470;1.1185;2.0218;103.6537;103.6957 
33.3350;0.4474;-0.0818;103.6537;103.6957 
33.4240;1.5660;-0.7506;103.6537;103.6957 
33.5130;1.1185;0.1481;103.6537;103.6957 
33.6010;1.1185;-0.2728;103.6537;103.6957 
33.6900;0.8948;1.9851;103.6537;103.6957 
33.7780;0.6711;0.3149;103.6537;103.6957 
33.8670;1.1185;0.4300;103.6537;103.6957 
33.9550;0.4474;0.2044;103.6537;103.6957 
34.0440;1.1185;0.2267;103.6537;103.6957 
34.1310;0.2237;-0.0066;103.6537;103.6957 
34.2210;1.3422;-0.1486;103.6537;103.6957 
34.3100;0.4474;-0.4136;103.6537;103.6957 
34.3990;0.8948;0.4885;103.6537;103.6957 
34.4870;3.5813;0.7645;103.6537;103.6957 
34.5750;0.4474;1.7138;103.6537;103.6957 
34.6640;0.8948;2.2309;103.6537;103.6957 
34.7530;0.4474;-0.1331;103.6537;103.6957 
34.8430;0.6711;-0.1517;103.6537;103.6957 
34.9330;0.6711;0.8599;103.6537;103.6957 
35.0200;0.8948;2.1835;103.6537;103.6957 
35.1090;0.8948;0.3299;103.6537;103.6957 
35.1980;0.6711;0.3151;103.6537;103.6957 
35.2870;0.4474;-1.4511;103.6537;103.6957 
35.3760;0.8948;-0.5245;103.6537;103.6957 
35.4640;0.2237;-0.3926;103.6537;103.6957 
35.5530;-0.2237;-4.5889;103.6537;103.6957 
35.6430;2.6852;-0.6792;103.6537;103.6957 
35.7320;0.6711;-0.4213;103.6537;103.6957 
35.8200;0.8948;2.2194;103.6537;103.6957 
35.9090;0.8948;0.3334;103.6537;103.6957 
35.9980;2.0136;-0.4917;103.6537;103.6957 
36.0870;0.2237;1.1992;103.6537;103.6957 
36.1760;0.8948;1.8305;103.6537;103.6957 
36.2640;0.8948;0.8837;103.6537;103.6957 
36.3530;0.8948;0.3641;103.6537;103.6957 
36.4420;0.6711;-1.4161;103.6537;103.6957 
36.5310;0.8948;-0.3285;103.6537;103.6957 
36.6200;0.8948;-1.8033;103.6537;103.6957 
36.7080;0.8948;-0.0514;103.6537;103.6957 
36.7970;0.8948;-1.5812;103.6537;103.6957 
36.8860;0.6711;1.3913;103.6537;103.6957 
36.9740;0.6711;-1.3521;103.6537;103.6957 
37.0640;0.6711;-0.4769;103.6537;103.6957 
37.1520;0.8948;0.3582;103.6537;103.6957 
37.2400;0.2237;-0.3082;103.6537;103.6957 
37.3290;0.4474;-1.7376;103.6537;103.6957 
37.4180;0.6711;1.6249;103.6537;103.6957 
37.5050;0.8948;2.0981;103.6537;103.6957 
37.5940;0.6711;0.0088;103.6537;103.6957 
37.6830;0.8948;0.4047;103.6537;103.6957 
37.7720;0.8948;0.3183;103.6537;103.6957 
37.8610;0.6711;0.1555;103.6537;103.6957 
37.9490;0.8948;-0.9988;103.6537;103.6957 
38.0390;0.4474;-0.5634;103.6537;103.6957 
38.1280;1.3422;-0.0091;103.6537;103.6957 
38.2170;0.6711;2.2070;103.6537;103.6957 
38.3060;0.8948;2.6292;103.6537;103.6957 
38.3940;1.1185;0.3686;103.6537;103.6957 
38.4830;0.8948;0.6290;103.6537;103.6957 
38.5720;0.8948;-0.0986;103.6537;103.6957 
38.6610;0.8948;0.2701;103.6537;103.6957 
38.7490;0.8948;0.1469;103.6537;103.6957 
38.8360;0.8948;-0.9654;103.6537;103.6957 
38.9260;1.1185;-0.0966;103.6537;103.6957 
39.0150;0.4474;1.6929;103.6537;103.6957 
39.1040;0.4474;-0.0945;103.6537;103.6957 
39.1940;0.6711;0.4859;103.6537;103.6957 
39.2820;0.8948;-0.6220;103.6537;103.6957 
39.3710;0.8948;-1.3559;103.6537;103.6957 
39.4600;0.6711;1.2544;103.6537;103.6957 
39.5480;1.1185;0.6413;103.6537;103.6957 
39.6360;1.3422;1.9433;103.6537;103.6957 
39.7250;1.1185;0.5300;103.6537;103.6957 
39.8140;0.8948;0.0475;103.6537;103.6957 
39.9020;0.4474;1.8310;103.6537;103.6957 
39.9910;0.6711;0.0732;103.6537;103.6957 
40.0790;0.6711;-1.4782;103.6537;103.6957 
40.1680;1.3422;1.6721;103.6537;103.6957 
40.2560;0.6711;0.3534;103.6537;103.6957 
40.3450;0.8948;2.1350;103.6537;103.6957 
40.4330;1.1185;0.4798;103.6537;103.6957 
40.5220;0.8948;0.3597;103.6537;103.6957 
40.6110;0.4474;1.7023;103.6537;103.6957 
40.7000;1.1185;1.7504;103.6537;103.6957 
40.7890;0.8948;0.9196;103.6537;103.6957 
40.8770;0.6711;-0.8593;103.6957;103.6537 
40.9660;0.6711;-0.3083;103.6840;103.6537 
41.0550;0.8948;2.0717;103.6537;103.6957 
41.1440;1.1185;0.6322;103.6957;103.6537 
41.2330;1.1185;2.5432;103.6537;103.6957 
41.3210;0.8948;0.9954;103.6957;103.6537 
41.4100;0.8948;-1.4811;103.6957;103.6537 
41.4990;0.8948;-1.8764;103.6957;103.6537 
41.5880;0.6711;1.2046;103.6537;103.6957 
41.6750;0.8948;0.2021;103.6957;103.6537 
41.7640;0.6711;-0.0141;103.6957;103.6537 
41.8530;0.8948;0.2440;103.6957;103.6537 
41.9410;1.1185;0.6159;103.6957;103.6537 
42.0300;0.6711;1.9156;103.6537;103.6886 
42.1180;0.8948;2.1260;103.6957;103.6537 
42.2070;1.1185;2.1763;103.6957;103.6537 
42.2960;0.6711;0.2090;103.6957;103.6537 
42.3850;0.6711;1.6497;103.6957;103.6537 
42.4740;0.6711;0.2486;103.6957;103.6537 
42.5620;0.4474;-0.3569;103.6957;103.6537 
42.6510;0.6711;-0.1360;103.6957;103.6537 
42.7400;0.6711;0.2363;103.6957;103.6537 
42.8280;0.8948;0.4264;103.6957;103.6537 
42.9160;1.3422;2.3268;103.6957;103.6537 
43.0050;0.6711;2.1135;103.6957;103.6537 
43.0940;0.6711;0.1345;103.6957;103.6537 
43.1830;0.6711;0.3836;103.6957;103.6537 
43.2720;1.1185;-0.0018;103.6957;103.6537 
43.3600;0.6711;0.1591;103.6957;103.6537 
43.4490;0.6711;0.2275;103.6957;103.6537 
43.5380;0.8948;-0.4882;103.6957;103.6537 
43.6270;1.3422;0.3835;103.6957;103.6537 
43.7140;0.6711;0.0717;103.6957;103.6537 
43.8030;0.8948;-1.1653;103.6957;103.6537 
43.8920;0.8948;-0.1488;103.6957;103.6537 
43.9810;0.4474;-0.7990;103.6957;103.6537 
44.0700;0.8948;0.2932;103.6957;103.6537 
44.1570;0.8948;0.4661;103.6957;103.6537 
44.2460;0.6711;-1.4064;103.6957;103.6537 
44.3350;0.6711;1.0569;103.6957;103.6537 
44.4230;0.8948;-1.2296;103.6957;103.6537 
44.5130;1.1185;0.1580;103.6957;103.6537 
44.6000;0.8948;0.1705;103.6957;103.6537 
44.6880;1.1185;-1.4055;103.6957;103.6537 
44.7770;0.8948;-0.5759;103.6957;103.6537 
44.8660;0.8948;1.9219;103.6957;103.6537 
44.9540;1.1185;1.0563;103.6957;103.6537 
45.0430;0.8948;-1.5995;103.6957;103.6537 
45.1320;0.8948;1.3856;103.6957;103.6537 
45.2200;0.6711;-0.0594;103.6957;103.6537 
45.3100;0.6711;0.3650;103.6957;103.6537 
45.3980;0.6711;-0.1542;103.6957;103.6537 
45.4870;0.6711;-0.0824;103.6957;103.6537 
45.5760;0.6711;-0.2340;103.6957;103.6537 
45.6650;0.6711;-0.2485;103.6957;103.6537 
45.7530;0.6711;-0.2499;103.6957;103.6537 
45.8420;0.4474;-0.2461;103.6957;103.6537 
45.9310;1.3422;0.1797;103.6957;103.6537 
46.0190;0.8948;0.5237;103.6957;103.6537 
46.1080;0.8948;0.0127;103.6957;103.6537 
46.1950;1.1185;0.5938;103.6957;103.6537 
46.2840;0.8948;0.5291;103.6957;103.6537 
46.3730;1.1185;-0.9328;103.6957;103.6537 
46.4630;0.6711;1.1706;103.6957;103.6537 
46.5510;0.6711;0.0443;103.6957;103.6537 
46.6390;1.1185;0.4041;103.6957;103.6537 
46.7270;0.8948;0.1940;103.6957;103.6537 
46.8160;0.8948;1.9955;103.6957;103.6537 
46.9050;0.6711;0.3159;103.6957;103.6537 
46.9930;0.6711;0.1210;103.6957;103.6537 
